collapse_buffer,unit,metric,value
25,seed1_r1,avg_fitness,5.7320265
25,seed1_r1,top20percent_fitness,16.3716875
25,seed1_r1,peak_population,205.305
25,seed1_r1,avg_lifetime,1518.9779999999998
25,seed1_r1,avg_learned_weight_diff,0.007633559999999999
25,seed1_r1,genome_variance,0.008858900000000001
25,seed1_r1,collapse,0.41
25,seed1_r1,respawned,95.165
25,seed1_r1,cells_visited,672.2037757292372
25,seed1_r1,cave_entries,1.3046592447669434
25,seed1_r1,night_share,0.4957557260959496
25,seed1_r1,food_total,6.4178200096855536
25,seed1_r2,avg_fitness,5.888063
25,seed1_r2,top20percent_fitness,16.813834999999997
25,seed1_r2,peak_population,211.28
25,seed1_r2,avg_lifetime,1627.8239999999998
25,seed1_r2,avg_learned_weight_diff,0.007303139999999999
25,seed1_r2,genome_variance,0.011481539999999998
25,seed1_r2,collapse,0.24
25,seed1_r2,respawned,93.07
25,seed1_r2,cells_visited,727.6196449850438
25,seed1_r2,cave_entries,1.2617172926062432
25,seed1_r2,night_share,0.49315159936665337
25,seed1_r2,food_total,6.633617615692677
25,seed1_r3,avg_fitness,6.355441999999999
25,seed1_r3,top20percent_fitness,17.454878
25,seed1_r3,peak_population,294.49
25,seed1_r3,avg_lifetime,1634.7665
25,seed1_r3,avg_learned_weight_diff,0.0069595099999999995
25,seed1_r3,genome_variance,0.01793078
25,seed1_r3,collapse,0.05
25,seed1_r3,respawned,80.64
25,seed1_r3,cells_visited,778.7454606260278
25,seed1_r3,cave_entries,0.825337219004766
25,seed1_r3,night_share,0.4962657101147894
25,seed1_r3,food_total,7.260835141100424
25,seed1_r4,avg_fitness,5.683393
25,seed1_r4,top20percent_fitness,17.069684
25,seed1_r4,peak_population,194.79
25,seed1_r4,avg_lifetime,1626.2285000000002
25,seed1_r4,avg_learned_weight_diff,0.006560515
25,seed1_r4,genome_variance,0.008126015
25,seed1_r4,collapse,0.27
25,seed1_r4,respawned,93.275
25,seed1_r4,cells_visited,719.4868670860421
25,seed1_r4,cave_entries,1.2708566229325087
25,seed1_r4,night_share,0.4925280326271954
25,seed1_r4,food_total,6.024162849592131
25,seed1_r5,avg_fitness,5.3035445
25,seed1_r5,top20percent_fitness,15.658343
25,seed1_r5,peak_population,170.125
25,seed1_r5,avg_lifetime,1616.5479999999998
25,seed1_r5,avg_learned_weight_diff,0.00625056
25,seed1_r5,genome_variance,0.00761816
25,seed1_r5,collapse,0.46
25,seed1_r5,respawned,97.16
25,seed1_r5,cells_visited,711.4792817421671
25,seed1_r5,cave_entries,1.001787915151512
25,seed1_r5,night_share,0.4944399258057514
25,seed1_r5,food_total,5.741435777790709
25,seed42_r1,avg_fitness,5.690186
25,seed42_r1,top20percent_fitness,16.1930335
25,seed42_r1,peak_population,224.11
25,seed42_r1,avg_lifetime,1609.783
25,seed42_r1,avg_learned_weight_diff,0.006271945
25,seed42_r1,genome_variance,0.009290575
25,seed42_r1,collapse,0.23
25,seed42_r1,respawned,94.965
25,seed42_r1,cells_visited,759.3860832657793
25,seed42_r1,cave_entries,1.2219468271800054
25,seed42_r1,night_share,0.494839302018223
25,seed42_r1,food_total,6.813452305523999
25,seed42_r2,avg_fitness,5.147272
25,seed42_r2,top20percent_fitness,15.21635
25,seed42_r2,peak_population,171.05
25,seed42_r2,avg_lifetime,1562.1354999999999
25,seed42_r2,avg_learned_weight_diff,0.005991519999999999
25,seed42_r2,genome_variance,0.006530785
25,seed42_r2,collapse,0.565
25,seed42_r2,respawned,97.185
25,seed42_r2,cells_visited,687.4768188525812
25,seed42_r2,cave_entries,0.4220692058278064
25,seed42_r2,night_share,0.48172797427079517
25,seed42_r2,food_total,5.566219459230466
25,seed42_r3,avg_fitness,5.534584
25,seed42_r3,top20percent_fitness,15.314123499999999
25,seed42_r3,peak_population,185.995
25,seed42_r3,avg_lifetime,1465.4785000000002
25,seed42_r3,avg_learned_weight_diff,0.006625514999999999
25,seed42_r3,genome_variance,0.008156130000000001
25,seed42_r3,collapse,0.33
25,seed42_r3,respawned,95.975
25,seed42_r3,cells_visited,770.1665747261717
25,seed42_r3,cave_entries,0.6626425268242626
25,seed42_r3,night_share,0.48961807366877813
25,seed42_r3,food_total,6.9519307669201025
25,seed42_r4,avg_fitness,5.805060999999999
25,seed42_r4,top20percent_fitness,16.5299915
25,seed42_r4,peak_population,217.31
25,seed42_r4,avg_lifetime,1611.1570000000002
25,seed42_r4,avg_learned_weight_diff,0.00730087
25,seed42_r4,genome_variance,0.011873115
25,seed42_r4,collapse,0.18
25,seed42_r4,respawned,91.87
25,seed42_r4,cells_visited,724.0730280286189
25,seed42_r4,cave_entries,1.303124956002635
25,seed42_r4,night_share,0.4953301641349615
25,seed42_r4,food_total,6.47804569234728
25,seed42_r5,avg_fitness,5.616268
25,seed42_r5,top20percent_fitness,16.0277225
25,seed42_r5,peak_population,206.725
25,seed42_r5,avg_lifetime,1609.3105000000003
25,seed42_r5,avg_learned_weight_diff,0.006449465000000001
25,seed42_r5,genome_variance,0.008884385
25,seed42_r5,collapse,0.305
25,seed42_r5,respawned,94.14
25,seed42_r5,cells_visited,750.1854032316091
25,seed42_r5,cave_entries,1.0411678832098907
25,seed42_r5,night_share,0.4990726436463882
25,seed42_r5,food_total,6.6268193659083225
25,seed999_r1,avg_fitness,4.5674695000000005
25,seed999_r1,top20percent_fitness,13.7142185
25,seed999_r1,peak_population,161.99
25,seed999_r1,avg_lifetime,1192.4229999999998
25,seed999_r1,avg_learned_weight_diff,0.00821182
25,seed999_r1,genome_variance,0.005888300000000001
25,seed999_r1,collapse,0.885
25,seed999_r1,respawned,99.565
25,seed999_r1,cells_visited,557.4435269567042
25,seed999_r1,cave_entries,0.7624764648851513
25,seed999_r1,night_share,0.49262457618039446
25,seed999_r1,food_total,5.328601678262219
25,seed999_r2,avg_fitness,5.676735
25,seed999_r2,top20percent_fitness,16.663535
25,seed999_r2,peak_population,204.805
25,seed999_r2,avg_lifetime,1674.976
25,seed999_r2,avg_learned_weight_diff,0.006272995
25,seed999_r2,genome_variance,0.008666085
25,seed999_r2,collapse,0.23
25,seed999_r2,respawned,94.69
25,seed999_r2,cells_visited,719.6916119783133
25,seed999_r2,cave_entries,1.5503783318941395
25,seed999_r2,night_share,0.49325693214831096
25,seed999_r2,food_total,6.222849729531353
25,seed999_r3,avg_fitness,5.18471
25,seed999_r3,top20percent_fitness,15.050995
25,seed999_r3,peak_population,177.39
25,seed999_r3,avg_lifetime,1521.5784999999998
25,seed999_r3,avg_learned_weight_diff,0.008163005
25,seed999_r3,genome_variance,0.006521129999999999
25,seed999_r3,collapse,0.53
25,seed999_r3,respawned,98.035
25,seed999_r3,cells_visited,600.8569088789027
25,seed999_r3,cave_entries,1.219065377919862
25,seed999_r3,night_share,0.485867578179235
25,seed999_r3,food_total,6.19430431590988
25,seed999_r4,avg_fitness,5.5051575
25,seed999_r4,top20percent_fitness,15.4918665
25,seed999_r4,peak_population,186.295
25,seed999_r4,avg_lifetime,1475.0125000000003
25,seed999_r4,avg_learned_weight_diff,0.00803386
25,seed999_r4,genome_variance,0.0074028
25,seed999_r4,collapse,0.37
25,seed999_r4,respawned,96.335
25,seed999_r4,cells_visited,695.873880605247
25,seed999_r4,cave_entries,1.8441396859558636
25,seed999_r4,night_share,0.48624428704547823
25,seed999_r4,food_total,6.343900539458822
25,seed999_r5,avg_fitness,5.377306999999999
25,seed999_r5,top20percent_fitness,15.3055555
25,seed999_r5,peak_population,183.245
25,seed999_r5,avg_lifetime,1523.425
25,seed999_r5,avg_learned_weight_diff,0.007104440000000001
25,seed999_r5,genome_variance,0.007139260000000001
25,seed999_r5,collapse,0.455
25,seed999_r5,respawned,97.035
25,seed999_r5,cells_visited,671.215904990744
25,seed999_r5,cave_entries,1.2841193815737229
25,seed999_r5,night_share,0.4920793710036776
25,seed999_r5,food_total,6.401877994866477
100,seed1_r1,avg_fitness,6.218505
100,seed1_r1,top20percent_fitness,17.536417
100,seed1_r1,peak_population,273.475
100,seed1_r1,avg_lifetime,1595.8905
100,seed1_r1,avg_learned_weight_diff,0.0078309
100,seed1_r1,genome_variance,0.014418569999999999
100,seed1_r1,collapse,0.17
100,seed1_r1,respawned,89.94
100,seed1_r1,cells_visited,727.89355348631
100,seed1_r1,cave_entries,0.897406199618199
100,seed1_r1,night_share,0.5015957698335664
100,seed1_r1,food_total,6.672140083282978
100,seed1_r2,avg_fitness,6.4115615
100,seed1_r2,top20percent_fitness,18.4044925
100,seed1_r2,peak_population,313.395
100,seed1_r2,avg_lifetime,1556.2715000000003
100,seed1_r2,avg_learned_weight_diff,0.008363255
100,seed1_r2,genome_variance,0.021017855000000002
100,seed1_r2,collapse,0.175
100,seed1_r2,respawned,88.575
100,seed1_r2,cells_visited,754.7730030620249
100,seed1_r2,cave_entries,0.9435233672449492
100,seed1_r2,night_share,0.5015312773137376
100,seed1_r2,food_total,6.610036664934101
100,seed1_r3,avg_fitness,6.690018
100,seed1_r3,top20percent_fitness,18.590043
100,seed1_r3,peak_population,356.645
100,seed1_r3,avg_lifetime,1688.517
100,seed1_r3,avg_learned_weight_diff,0.00681384
100,seed1_r3,genome_variance,0.023772054999999997
100,seed1_r3,collapse,0.0
100,seed1_r3,respawned,73.52
100,seed1_r3,cells_visited,867.4884642651571
100,seed1_r3,cave_entries,1.8931233598133645
100,seed1_r3,night_share,0.5076592236778187
100,seed1_r3,food_total,7.26291723391339
100,seed1_r4,avg_fitness,6.353438
100,seed1_r4,top20percent_fitness,17.687033500000002
100,seed1_r4,peak_population,316.74
100,seed1_r4,avg_lifetime,1596.816
100,seed1_r4,avg_learned_weight_diff,0.007377294999999999
100,seed1_r4,genome_variance,0.0271931
100,seed1_r4,collapse,0.095
100,seed1_r4,respawned,84.945
100,seed1_r4,cells_visited,824.245097189332
100,seed1_r4,cave_entries,0.7458823627583087
100,seed1_r4,night_share,0.5094163507163114
100,seed1_r4,food_total,6.908539684104954
100,seed1_r5,avg_fitness,6.628089999999999
100,seed1_r5,top20percent_fitness,18.8819235
100,seed1_r5,peak_population,332.635
100,seed1_r5,avg_lifetime,1616.3315000000002
100,seed1_r5,avg_learned_weight_diff,0.0075675000000000004
100,seed1_r5,genome_variance,0.016943979999999997
100,seed1_r5,collapse,0.1
100,seed1_r5,respawned,82.795
100,seed1_r5,cells_visited,848.1111439747418
100,seed1_r5,cave_entries,1.2440210687581734
100,seed1_r5,night_share,0.5063545903240595
100,seed1_r5,food_total,6.882231002894314
100,seed42_r1,avg_fitness,6.136442
100,seed42_r1,top20percent_fitness,17.072074
100,seed42_r1,peak_population,250.655
100,seed42_r1,avg_lifetime,1566.64
100,seed42_r1,avg_learned_weight_diff,0.0064805999999999996
100,seed42_r1,genome_variance,0.015658045
100,seed42_r1,collapse,0.17
100,seed42_r1,respawned,89.88
100,seed42_r1,cells_visited,759.7760767121156
100,seed42_r1,cave_entries,0.7163390459905961
100,seed42_r1,night_share,0.49602886591320605
100,seed42_r1,food_total,6.794924436627621
100,seed42_r2,avg_fitness,6.3797185
100,seed42_r2,top20percent_fitness,17.997851999999998
100,seed42_r2,peak_population,316.165
100,seed42_r2,avg_lifetime,1564.5185000000004
100,seed42_r2,avg_learned_weight_diff,0.00759749
100,seed42_r2,genome_variance,0.024265949999999998
100,seed42_r2,collapse,0.085
100,seed42_r2,respawned,85.255
100,seed42_r2,cells_visited,759.705793515782
100,seed42_r2,cave_entries,1.196645092695072
100,seed42_r2,night_share,0.50627488009443
100,seed42_r2,food_total,6.803488336599145
100,seed42_r3,avg_fitness,6.494806499999999
100,seed42_r3,top20percent_fitness,17.9844515
100,seed42_r3,peak_population,330.29
100,seed42_r3,avg_lifetime,1684.6765000000003
100,seed42_r3,avg_learned_weight_diff,0.007671425000000001
100,seed42_r3,genome_variance,0.022248160000000003
100,seed42_r3,collapse,0.015
100,seed42_r3,respawned,75.49
100,seed42_r3,cells_visited,792.6995047932895
100,seed42_r3,cave_entries,1.8211294990323719
100,seed42_r3,night_share,0.502382364290689
100,seed42_r3,food_total,7.116308599953431
100,seed42_r4,avg_fitness,6.353043500000001
100,seed42_r4,top20percent_fitness,17.788
100,seed42_r4,peak_population,286.945
100,seed42_r4,avg_lifetime,1595.4584999999997
100,seed42_r4,avg_learned_weight_diff,0.007714385000000001
100,seed42_r4,genome_variance,0.01936107
100,seed42_r4,collapse,0.07
100,seed42_r4,respawned,84.675
100,seed42_r4,cells_visited,739.9693079921427
100,seed42_r4,cave_entries,1.793443089446044
100,seed42_r4,night_share,0.5084209080265092
100,seed42_r4,food_total,6.818695343657673
100,seed42_r5,avg_fitness,6.053008500000001
100,seed42_r5,top20percent_fitness,16.759928
100,seed42_r5,peak_population,256.83
100,seed42_r5,avg_lifetime,1637.0745000000002
100,seed42_r5,avg_learned_weight_diff,0.00584675
100,seed42_r5,genome_variance,0.02276123
100,seed42_r5,collapse,0.165
100,seed42_r5,respawned,90.08
100,seed42_r5,cells_visited,724.8492587048571
100,seed42_r5,cave_entries,1.615133071830953
100,seed42_r5,night_share,0.5041925824115734
100,seed42_r5,food_total,6.655889949236711
100,seed999_r1,avg_fitness,6.603257999999999
100,seed999_r1,top20percent_fitness,18.3688895
100,seed999_r1,peak_population,373.935
100,seed999_r1,avg_lifetime,1670.1970000000001
100,seed999_r1,avg_learned_weight_diff,0.0082988
100,seed999_r1,genome_variance,0.023848965
100,seed999_r1,collapse,0.02
100,seed999_r1,respawned,76.44
100,seed999_r1,cells_visited,807.4655922568646
100,seed999_r1,cave_entries,1.872176830299516
100,seed999_r1,night_share,0.5013739220573644
100,seed999_r1,food_total,7.319857125732512
100,seed999_r2,avg_fitness,6.477298000000001
100,seed999_r2,top20percent_fitness,17.913052500000003
100,seed999_r2,peak_population,347.43
100,seed999_r2,avg_lifetime,1684.6369999999997
100,seed999_r2,avg_learned_weight_diff,0.007811175
100,seed999_r2,genome_variance,0.016472195000000002
100,seed999_r2,collapse,0.045
100,seed999_r2,respawned,82.085
100,seed999_r2,cells_visited,819.9581727295799
100,seed999_r2,cave_entries,1.9661950220692892
100,seed999_r2,night_share,0.504217785641509
100,seed999_r2,food_total,6.99435598629836
100,seed999_r3,avg_fitness,6.4859925
100,seed999_r3,top20percent_fitness,18.154994
100,seed999_r3,peak_population,344.005
100,seed999_r3,avg_lifetime,1704.783
100,seed999_r3,avg_learned_weight_diff,0.00781679
100,seed999_r3,genome_variance,0.021726774999999997
100,seed999_r3,collapse,0.025
100,seed999_r3,respawned,78.775
100,seed999_r3,cells_visited,763.4917592261181
100,seed999_r3,cave_entries,2.0226595568065546
100,seed999_r3,night_share,0.5027874036444867
100,seed999_r3,food_total,7.034608129306548
100,seed999_r4,avg_fitness,6.053359
100,seed999_r4,top20percent_fitness,16.718025
100,seed999_r4,peak_population,268.79
100,seed999_r4,avg_lifetime,1612.3335
100,seed999_r4,avg_learned_weight_diff,0.007304875
100,seed999_r4,genome_variance,0.017677325
100,seed999_r4,collapse,0.155
100,seed999_r4,respawned,90.195
100,seed999_r4,cells_visited,789.5073513095521
100,seed999_r4,cave_entries,1.1775237010268813
100,seed999_r4,night_share,0.4925437947478859
100,seed999_r4,food_total,7.182863494340632
100,seed999_r5,avg_fitness,6.275895499999999
100,seed999_r5,top20percent_fitness,17.5578805
100,seed999_r5,peak_population,292.13
100,seed999_r5,avg_lifetime,1568.1529999999998
100,seed999_r5,avg_learned_weight_diff,0.007983505
100,seed999_r5,genome_variance,0.018338840000000002
100,seed999_r5,collapse,0.175
100,seed999_r5,respawned,91.01
100,seed999_r5,cells_visited,758.0218068564287
100,seed999_r5,cave_entries,1.3068018798259586
100,seed999_r5,night_share,0.5044307919048447
100,seed999_r5,food_total,6.90472852454922
