condition,period,metric,mean,std,sem,count,unit
evolution,300.0,avg_fitness,7.770230133333333,0.054433292530355414,0.014054615696620205,15,runs
evolution,1000.0,avg_fitness,7.754476133333333,0.05320505668485005,0.013737486564963056,15,runs
evolution,3000.0,avg_fitness,7.782963733333333,0.06708482757510029,0.01732122799877063,15,runs
evolution,10000.0,avg_fitness,7.758457066666667,0.06707387565051708,0.017318400224002654,15,runs
evolution,100000.0,avg_fitness,7.755106266666667,0.1424286536076756,0.036774920229684836,15,runs
learning,300.0,avg_fitness,7.770350133333334,0.05949668723775029,0.015361978588421216,15,runs
learning,1000.0,avg_fitness,7.771971866666666,0.06023353891297545,0.015552232872872688,15,runs
learning,3000.0,avg_fitness,7.809572,0.09565171816543587,0.024697167432723904,15,runs
learning,10000.0,avg_fitness,7.778403999999999,0.07794648117779268,0.020125694899804064,15,runs
learning,100000.0,avg_fitness,7.794530533333333,0.16558312370954265,0.04275337870267074,15,runs
pure RL,300.0,avg_fitness,7.4072312,0.0952557754943425,0.02459493547464407,15,runs
pure RL,1000.0,avg_fitness,7.406408533333333,0.13436980155518952,0.034694133577096296,15,runs
pure RL,3000.0,avg_fitness,7.3888022666666675,0.06640104919079282,0.01714467717910934,15,runs
pure RL,10000.0,avg_fitness,7.269463333333333,0.23926674654471985,0.061778408311262065,15,runs
pure RL,100000.0,avg_fitness,7.3326948,0.3383720659770841,0.08736729175673626,15,runs
evolution,300.0,food_default,0.5126788461621291,0.006124395415461666,0.0015813120966448057,15,runs
evolution,1000.0,food_default,0.5093835397616046,0.009122499400991038,0.0023554192170550286,15,runs
evolution,3000.0,food_default,0.5080160931950688,0.006263235196954157,0.001617160374078905,15,runs
evolution,10000.0,food_default,0.5118499013406883,0.008426808477803456,0.0021757925930808173,15,runs
evolution,100000.0,food_default,0.5138860675727703,0.012394112933306901,0.0032001461987807723,15,runs
learning,300.0,food_default,0.5124748808865962,0.010674911209662404,0.0027562502224843573,15,runs
learning,1000.0,food_default,0.5139471138550529,0.007760687489742981,0.0020038008935263207,15,runs
learning,3000.0,food_default,0.5098205398349898,0.005604934370810891,0.0014471878316490753,15,runs
learning,10000.0,food_default,0.5088327112038041,0.008378542837033067,0.0021633304582209674,15,runs
learning,100000.0,food_default,0.5124283819745282,0.01132208027228365,0.0029233485559318744,15,runs
pure RL,300.0,food_default,0.6140114742210712,0.021316063593225767,0.005503783953550775,15,runs
pure RL,1000.0,food_default,0.6078259977510306,0.01969582660709746,0.005085440562605159,15,runs
pure RL,3000.0,food_default,0.6121116075242653,0.026992663748404925,0.006969475811156596,15,runs
pure RL,10000.0,food_default,0.6418922492022335,0.07655319965812539,0.01976595115832073,15,runs
pure RL,100000.0,food_default,0.6247929104921444,0.04736759896300969,0.012230261462237881,15,runs
evolution,300.0,food_items_eaten,7.170251765133304,0.05005328882449286,0.012923703602678045,15,runs
evolution,1000.0,food_items_eaten,7.188863434952176,0.06481416578821687,0.016734945646406034,15,runs
evolution,3000.0,food_items_eaten,7.151287038576915,0.05541089968400719,0.014307032778301977,15,runs
evolution,10000.0,food_items_eaten,7.151469926044412,0.075370062743072,0.01946046652043506,15,runs
evolution,100000.0,food_items_eaten,7.19377256535362,0.1480016605178476,0.038213864426444505,15,runs
learning,300.0,food_items_eaten,7.185347496338227,0.07066147218609052,0.01824471366634848,15,runs
learning,1000.0,food_items_eaten,7.219197436795469,0.08003978127521642,0.020666182660866495,15,runs
learning,3000.0,food_items_eaten,7.176530189402363,0.04881237626822633,0.012603301358376715,15,runs
learning,10000.0,food_items_eaten,7.179105047302481,0.07523587650101285,0.01942581978171605,15,runs
learning,100000.0,food_items_eaten,7.218845105495868,0.13713466748657616,0.03540801889088008,15,runs
pure RL,300.0,food_items_eaten,6.962636760237211,0.08284768003358665,0.02139117900280012,15,runs
pure RL,1000.0,food_items_eaten,6.97057617048718,0.1061356807981213,0.02740411494463401,15,runs
pure RL,3000.0,food_items_eaten,6.918107241500739,0.09716066994056065,0.025086777105743134,15,runs
pure RL,10000.0,food_items_eaten,6.924930636529412,0.1535412981748823,0.039644192719092426,15,runs
pure RL,100000.0,food_items_eaten,6.889147472829089,0.2616432338779575,0.06755599249714545,15,runs
evolution,300.0,food_low,2.7633271791475686,0.0498314163946444,0.012866416387625666,15,runs
evolution,1000.0,food_low,2.7568142452714253,0.04820186782484841,0.012445668756115268,15,runs
evolution,3000.0,food_low,2.751575618696473,0.04682609553425609,0.012090445878139422,15,runs
evolution,10000.0,food_low,2.7559061476826674,0.050506024867596644,0.013040599546355964,15,runs
evolution,100000.0,food_low,2.7647515121916086,0.06773032519162658,0.01748789476669216,15,runs
learning,300.0,food_low,2.765479688248012,0.047336553469080236,0.012222245550173646,15,runs
learning,1000.0,food_low,2.773394112641902,0.05961024239620919,0.015391298404260368,15,runs
learning,3000.0,food_low,2.7557118475860203,0.05137252361455283,0.013264328560787358,15,runs
learning,10000.0,food_low,2.7617557039135083,0.06147218457660674,0.015872049808012424,15,runs
learning,100000.0,food_low,2.775150350065087,0.04568720262582211,0.011796384993640855,15,runs
pure RL,300.0,food_low,2.862463512124329,0.0898727023015635,0.023205031952840828,15,runs
pure RL,1000.0,food_low,2.851965914830633,0.08800363111040999,0.022722439846426586,15,runs
pure RL,3000.0,food_low,2.8883494505713125,0.11576819785337869,0.029891220153772057,15,runs
pure RL,10000.0,food_low,2.9404739568344316,0.20674262557988105,0.05338071638813832,15,runs
pure RL,100000.0,food_low,2.862104116319875,0.17792953798564398,0.04594120916111861,15,runs
evolution,300.0,food_medium,2.4099781430644147,0.03753070618346608,0.009690386667997857,15,runs
evolution,1000.0,food_medium,2.4199245959961413,0.04558218456734392,0.011769269447538382,15,runs
evolution,3000.0,food_medium,2.408323276455815,0.0402726771713975,0.010398360532800677,15,runs
evolution,10000.0,food_medium,2.397913869788341,0.044037706256986636,0.01137048686256556,15,runs
evolution,100000.0,food_medium,2.4163568422826005,0.08181356279794214,0.021124171080688304,15,runs
learning,300.0,food_medium,2.413774098023361,0.0427517056909182,0.011038442944192468,15,runs
learning,1000.0,food_medium,2.431553270331009,0.03940850058329387,0.01017523109720683,15,runs
learning,3000.0,food_medium,2.413360429950865,0.030281688551397935,0.007818698363640266,15,runs
learning,10000.0,food_medium,2.413004563349146,0.03900023836795297,0.010069818246480093,15,runs
learning,100000.0,food_medium,2.433177285034051,0.0766657810960634,0.019795019560602464,15,runs
pure RL,300.0,food_medium,2.310822621012429,0.08556000853867103,0.022091499211442486,15,runs
pure RL,1000.0,food_medium,2.3004730926097747,0.07285098223036712,0.018810042728870952,15,runs
pure RL,3000.0,food_medium,2.3074739067842054,0.08483264722807746,0.021903695328602188,15,runs
pure RL,10000.0,food_medium,2.242946131684688,0.1646270494169167,0.04250652138179892,15,runs
pure RL,100000.0,food_medium,2.2632487583004295,0.16696997760398893,0.043111462838458306,15,runs
evolution,300.0,food_prestige,1.4842675967591907,0.03860376945307545,0.009967450412839455,15,runs
evolution,1000.0,food_prestige,1.5027410539230053,0.02249833128617686,0.005809044159254684,15,runs
evolution,3000.0,food_prestige,1.4833720502295582,0.054849816851767444,0.014162161813961483,15,runs
evolution,10000.0,food_prestige,1.4858000072327144,0.03418517143440887,0.008826573310180738,15,runs
evolution,100000.0,food_prestige,1.4987781433066412,0.03668077818923481,0.009470936203522313,15,runs
learning,300.0,food_prestige,1.493618829180258,0.04509637297622949,0.011643833434086334,15,runs
learning,1000.0,food_prestige,1.500302939967505,0.032766174508923496,0.008460189879465778,15,runs
learning,3000.0,food_prestige,1.4976373720304887,0.03345416503251358,0.008637828268813307,15,runs
learning,10000.0,food_prestige,1.4955120688360224,0.033047297986350956,0.00853277564921941,15,runs
learning,100000.0,food_prestige,1.4980890884222005,0.061751033545554425,0.015944048302201856,15,runs
pure RL,300.0,food_prestige,1.175339152879381,0.1229433736892944,0.03174384258834615,15,runs
pure RL,1000.0,food_prestige,1.210311165295743,0.12240706710121783,0.0316053688227407,15,runs
pure RL,3000.0,food_prestige,1.1101722766209563,0.15445870498765885,0.03988106613959781,15,runs
pure RL,10000.0,food_prestige,1.0996182988080598,0.2257879763731392,0.05829820481780278,15,runs
pure RL,100000.0,food_prestige,1.1390016877166402,0.11647591720089887,0.030073952503554352,15,runs
evolution,300.0,food_score,7.770230572153009,0.05443201340509127,0.014054285427897157,15,runs
evolution,1000.0,food_score,7.75447636645516,0.053202367566244996,0.013736792237524833,15,runs
evolution,3000.0,food_score,7.782964294275742,0.06708244870980369,0.017320613778392197,15,runs
evolution,10000.0,food_score,7.758457046488796,0.06707522431778312,0.017318748448393387,15,runs
evolution,100000.0,food_score,7.755105883229044,0.14242893623480954,0.03677499320369703,15,runs
learning,300.0,food_score,7.77034947939448,0.05949705538134677,0.015362073642689093,15,runs
learning,1000.0,food_score,7.77197003199904,0.060232644829894884,0.015552002021613944,15,runs
learning,3000.0,food_score,7.8095713333283845,0.09565232909200826,0.024697325173286613,15,runs
learning,10000.0,food_score,7.778403192709552,0.07794464627028777,0.020125221128723506,15,runs
learning,100000.0,food_score,7.794529019598804,0.1655841119894145,0.04275363387543641,15,runs
pure RL,300.0,food_score,7.4072326585020845,0.09525689782685415,0.024595225259652506,15,runs
pure RL,1000.0,food_score,7.406408432529698,0.13437059446766786,0.034694338306217876,15,runs
pure RL,3000.0,food_score,7.388802261576227,0.06640082946165775,0.017144620445290616,15,runs
pure RL,10000.0,food_score,7.269460963786456,0.23926579466821044,0.06177816253780416,15,runs
pure RL,100000.0,food_score,7.332694440480894,0.33837172778933183,0.0873672044370341,15,runs
evolution,300.0,food_value_per_item,1.0866330524291388,0.009948258635609051,0.002568629334631865,15,runs
evolution,1000.0,food_value_per_item,1.082322462551945,0.01063768210765314,0.0027466377096792816,15,runs
evolution,3000.0,food_value_per_item,1.0933944967636673,0.01225668198615102,0.003164661680808223,15,runs
evolution,10000.0,food_value_per_item,1.0915949088961912,0.014770306285889897,0.0038136766842422863,15,runs
evolution,100000.0,food_value_per_item,1.0845606886232808,0.033187767817180115,0.008569044803582471,15,runs
learning,300.0,food_value_per_item,1.0840300548364514,0.009878406670639587,0.0025505936348300916,15,runs
learning,1000.0,food_value_per_item,1.0803120737146068,0.010204209722625864,0.002634715621129185,15,runs
learning,3000.0,food_value_per_item,1.0930500650293653,0.013606608879221467,0.003513211305838847,15,runs
learning,10000.0,food_value_per_item,1.0897035529657013,0.012903572588268502,0.0033316881160628297,15,runs
learning,100000.0,food_value_per_item,1.0856236913110742,0.040259133560003706,0.01039486358737563,15,runs
pure RL,300.0,food_value_per_item,1.0660789971870777,0.010531597138411572,0.0027192466884022473,15,runs
pure RL,1000.0,food_value_per_item,1.0672555145394975,0.009366366509728104,0.002418385433776789,15,runs
pure RL,3000.0,food_value_per_item,1.0753218860501361,0.012524952222953094,0.0032339287581027265,15,runs
pure RL,10000.0,food_value_per_item,1.0647969838349642,0.025313246341368334,0.006535852101237692,15,runs
pure RL,100000.0,food_value_per_item,1.0754617980935886,0.05346580172068014,0.013804810643721471,15,runs
evolution,300.0,peak_population,679.6933333333333,15.11532555609263,3.9027602767500076,15,runs
evolution,1000.0,peak_population,674.768,12.704039402601762,3.2801688690559634,15,runs
evolution,3000.0,peak_population,674.216,9.9516522676962,2.569505566668977,15,runs
evolution,10000.0,peak_population,676.756,12.336156382184608,3.1851818816274218,15,runs
evolution,100000.0,peak_population,670.6333333333333,24.47661118778695,6.319833833459533,15,runs
learning,300.0,peak_population,672.5266666666666,15.50002887862131,4.002090247508957,15,runs
learning,1000.0,peak_population,667.1173333333334,13.720722318900707,3.5426752692692567,15,runs
learning,3000.0,peak_population,670.7853333333334,12.644726662959284,3.264854385532413,15,runs
learning,10000.0,peak_population,673.2173333333334,11.453590495477625,2.95730434955096,15,runs
learning,100000.0,peak_population,664.7026666666667,25.70632258710651,6.637343951473271,15,runs
pure RL,300.0,peak_population,483.76533333333333,16.890676154387116,4.3611538301416015,15,runs
pure RL,1000.0,peak_population,490.004,14.218065369702833,3.6710886928098314,15,runs
pure RL,3000.0,peak_population,484.57599999999996,23.076698451654032,5.958377919247104,15,runs
pure RL,10000.0,peak_population,470.4653333333333,52.06073731252573,13.442024573512748,15,runs
pure RL,100000.0,peak_population,470.85066666666665,46.847104418319724,12.09587034867948,15,runs
evolution,300.0,top20percent_fitness,22.440620000000003,0.23773993763774642,0.06138418794662545,15,runs
evolution,1000.0,top20percent_fitness,22.539791733333335,0.20279713517540632,0.05236199514619486,15,runs
evolution,3000.0,top20percent_fitness,22.7120048,0.29921215749727065,0.07725624686464799,15,runs
evolution,10000.0,top20percent_fitness,22.559517333333336,0.21413490933877083,0.05528939584737964,15,runs
evolution,100000.0,top20percent_fitness,22.528890666666666,0.4326056369368336,0.11169829515545392,15,runs
learning,300.0,top20percent_fitness,22.28901146666667,0.2020585430222313,0.052171291472269114,15,runs
learning,1000.0,top20percent_fitness,22.42282906666667,0.19823748144062808,0.05118469761424363,15,runs
learning,3000.0,top20percent_fitness,22.642641466666664,0.3527686018523166,0.09108446133592647,15,runs
learning,10000.0,top20percent_fitness,22.468083999999998,0.2623566324866108,0.06774019122584687,15,runs
learning,100000.0,top20percent_fitness,22.489330533333334,0.5378188695390564,0.13886423500005765,15,runs
pure RL,300.0,top20percent_fitness,20.965819200000002,0.23867747048481353,0.06162625788683967,15,runs
pure RL,1000.0,top20percent_fitness,21.052101733333334,0.4577595778802058,0.11819301477979828,15,runs
pure RL,3000.0,top20percent_fitness,21.166518933333336,0.2857252711078203,0.07377394777274582,15,runs
pure RL,10000.0,top20percent_fitness,20.641199466666666,0.8089683629665867,0.20887473315855115,15,runs
pure RL,100000.0,top20percent_fitness,20.817372533333334,1.0623732360563476,0.2743035900468477,15,runs
evolution,300.0,total_agents,1495.5013333333334,18.663496023240757,4.8188939520013205,15,runs
evolution,1000.0,total_agents,1499.5293333333332,21.56805026841668,5.568846633316147,15,runs
evolution,3000.0,total_agents,1497.752,18.11837709540872,4.678144850054926,15,runs
evolution,10000.0,total_agents,1498.0866666666666,19.60151403287368,5.061089160651384,15,runs
evolution,100000.0,total_agents,1487.1906666666666,36.952900420992776,9.541197861637738,15,runs
learning,300.0,total_agents,1491.6680000000001,28.6813257314631,7.405486460340456,15,runs
learning,1000.0,total_agents,1487.9346666666668,22.384464595743545,5.779643906205619,15,runs
learning,3000.0,total_agents,1492.1213333333333,17.31107237194355,4.469699666768579,15,runs
learning,10000.0,total_agents,1494.5800000000002,16.222108370985485,4.18853037074658,15,runs
learning,100000.0,total_agents,1481.556,35.5009120204778,9.166296068699015,15,runs
pure RL,300.0,total_agents,1235.4013333333335,38.65622586460346,9.980994600056107,15,runs
pure RL,1000.0,total_agents,1241.7373333333335,40.40629998026591,10.432861793695398,15,runs
pure RL,3000.0,total_agents,1233.4160000000002,54.025166199255175,13.949237931053544,15,runs
pure RL,10000.0,total_agents,1176.7693333333334,138.0405586085205,35.641918972797924,15,runs
pure RL,100000.0,total_agents,1192.5533333333333,139.9309335078593,36.130011673013094,15,runs
