generation,lifetime,energy_at_death,food_low,food_medium,food_prestige,food_default,cells_visited,predator_touches,drained_ticks,cave_entries,cave_entries_day,cave_entries_night,frac_death_drained,frac_death_starved
1,2093.0985915492956,-1.2224647887323943,4.105633802816901,1.091549295774648,0.09154929577464789,2.0492957746478875,566.0281690140845,0.0,0.0,0.028169014084507043,0.007042253521126761,0.02112676056338028,0.0,1.0
2,1984.5967741935483,-1.1393548387096775,3.620967741935484,0.3467741935483871,0.11290322580645161,0.9838709677419355,581.483870967742,0.0,0.0,0.21774193548387097,0.07258064516129033,0.14516129032258066,0.0,1.0
3,2025.4074074074074,-1.083037037037037,2.903703703703704,1.2666666666666666,0.17777777777777778,1.325925925925926,632.0296296296297,0.0,0.0,0.2074074074074074,0.13333333333333333,0.07407407407407407,0.0,1.0
4,2083.4358974358975,-0.883948717948718,2.4256410256410255,1.523076923076923,0.7230769230769231,1.0923076923076922,709.5487179487179,0.0,0.0,0.5487179487179488,0.26153846153846155,0.28717948717948716,0.0,1.0
5,2009.9052132701422,-0.8716587677725118,3.744075829383886,1.3696682464454977,0.4549763033175355,0.985781990521327,752.8056872037914,0.0,0.0,0.4312796208530806,0.20853080568720378,0.22274881516587677,0.0,1.0
6,2040.854700854701,-0.8928632478632479,3.713675213675214,1.4700854700854702,0.7222222222222222,1.0982905982905984,767.1623931623932,0.0,0.0,0.47435897435897434,0.3076923076923077,0.16666666666666666,0.0,1.0
7,2089.4640522875816,-0.4117647058823529,1.8431372549019607,1.091503267973856,0.5620915032679739,0.6535947712418301,749.9281045751634,0.0,0.0,0.5490196078431373,0.24183006535947713,0.30718954248366015,0.0,0.9869281045751634
8,2021.3852813852814,-0.8371861471861471,3.787878787878788,1.1168831168831168,0.6623376623376623,0.9134199134199135,746.1601731601731,0.0,0.0,0.6926406926406926,0.3116883116883117,0.38095238095238093,0.0,1.0
9,2042.5982142857142,-0.7510714285714286,2.75,1.4196428571428572,0.8973214285714286,1.2321428571428572,769.3839285714286,0.0,0.0,0.4107142857142857,0.20535714285714285,0.20535714285714285,0.0,0.9955357142857143
10,2080.0,-0.8492165898617512,1.8663594470046083,1.4930875576036866,0.8341013824884793,1.023041474654378,799.3640552995391,0.0,0.0,0.7050691244239631,0.45161290322580644,0.2534562211981567,0.0,1.0
11,2026.484375,-0.788359375,4.25,1.75390625,0.44921875,0.8515625,758.86328125,0.0,0.0,0.64453125,0.2890625,0.35546875,0.0,1.0
12,2040.4296875,-0.9000390625,2.99609375,1.46484375,0.80859375,1.20703125,782.015625,0.0,0.0,0.4609375,0.23828125,0.22265625,0.0,1.0
13,2096.124031007752,-0.923953488372093,1.503875968992248,1.1550387596899225,0.34108527131782945,0.627906976744186,773.0,0.0,0.0,0.26356589147286824,0.16279069767441862,0.10077519379844961,0.0,1.0
14,2022.046332046332,-0.7965637065637066,4.2007722007722,1.7722007722007722,0.3552123552123552,1.0386100386100385,747.8532818532818,0.0,0.0,0.49034749034749037,0.2471042471042471,0.24324324324324326,0.0,1.0
15,2043.142857142857,-0.8810204081632653,3.0816326530612246,1.779591836734694,0.5469387755102041,1.0816326530612246,714.8857142857142,0.0,0.0,0.5755102040816327,0.2938775510204082,0.2816326530612245,0.0,1.0
16,2075.3658536585367,0.565170731707317,2.078048780487805,1.7658536585365854,0.6439024390243903,0.9073170731707317,738.3853658536585,0.0,0.0,0.6097560975609756,0.36097560975609755,0.24878048780487805,0.0,0.9902439024390244
17,2021.5537848605577,-0.7825099601593626,3.733067729083665,1.9243027888446216,0.450199203187251,0.8326693227091634,717.8685258964143,0.0,0.0,0.47410358565737054,0.2948207171314741,0.17928286852589642,0.0,1.0
18,2046.7431192660551,-0.9312385321100917,3.7660550458715596,1.2064220183486238,0.6513761467889908,1.1422018348623852,740.394495412844,0.0,0.0,0.43577981651376146,0.19724770642201836,0.23853211009174313,0.0,1.0
19,2085.2083333333335,-0.850625,1.6510416666666667,1.4479166666666667,0.78125,1.1354166666666667,737.5989583333334,0.0,0.0,0.671875,0.3802083333333333,0.2916666666666667,0.0,1.0
20,2031.0363636363636,-0.5695636363636364,4.221818181818182,2.0290909090909093,0.3381818181818182,0.68,712.3890909090909,0.0,0.0,1.029090909090909,0.4727272727272727,0.5563636363636364,0.0,0.9963636363636363
21,2046.1626016260163,-0.6807723577235772,3.4552845528455283,1.41869918699187,0.7235772357723578,1.0284552845528456,737.9552845528456,0.0,0.0,0.9796747967479674,0.508130081300813,0.4715447154471545,0.0,0.9959349593495935
22,2084.014150943396,-0.8269811320754716,1.740566037735849,1.528301886792453,0.8962264150943396,1.028301886792453,781.6320754716982,0.0,0.0,1.1839622641509433,0.6367924528301887,0.5471698113207547,0.0,0.9952830188679245
23,2029.3859649122808,-0.7923245614035088,4.109649122807017,1.7675438596491229,0.34210526315789475,0.8114035087719298,742.5263157894736,0.0,0.0,1.587719298245614,0.8026315789473685,0.7850877192982456,0.0,1.0
24,2044.9888059701493,-0.09503731343283583,3.2611940298507465,1.2611940298507462,0.9328358208955224,0.9440298507462687,751.8619402985074,0.0,0.0,1.421641791044776,0.7201492537313433,0.7014925373134329,0.0,0.9925373134328358
25,2088.9915966386557,-0.7834033613445378,1.6554621848739495,1.8445378151260505,0.8949579831932774,0.6512605042016807,729.1470588235294,0.0,0.0,0.9201680672268907,0.4117647058823529,0.5084033613445378,0.0,1.0
26,2048.578754578755,-0.44135531135531136,4.08058608058608,1.8021978021978022,0.5714285714285714,0.5531135531135531,743.952380952381,0.0,0.0,3.2051282051282053,1.6336996336996337,1.5714285714285714,0.0,0.9926739926739927
27,2059.302222222222,-0.41080000000000005,3.16,1.7244444444444444,0.7155555555555555,0.92,769.9733333333334,0.0,0.0,2.7377777777777776,1.1555555555555554,1.5822222222222222,0.0,0.9955555555555555
28,2081.3333333333335,-0.8142028985507246,1.4405797101449276,1.7043478260869565,1.4463768115942028,0.7536231884057971,824.6927536231884,0.0,0.0,3.5565217391304347,1.8782608695652174,1.6782608695652175,0.0,1.0
29,2027.3234200743495,-0.7695910780669145,3.2453531598513012,1.3940520446096654,1.0557620817843867,0.550185873605948,761.3159851301115,0.0,0.0,1.2007434944237918,0.5985130111524164,0.6022304832713755,0.0,1.0
30,2055.0155763239877,-0.7997507788161993,3.1931464174454827,1.838006230529595,0.8411214953271028,0.8660436137071651,803.9750778816199,0.0,0.0,2.35202492211838,1.1214953271028036,1.2305295950155763,0.0,1.0
31,2087.8501628664494,-0.7927687296416938,1.5342019543973942,2.1302931596091206,1.1433224755700326,0.6905537459283387,823.9511400651465,0.0,0.0,3.462540716612378,1.765472312703583,1.6970684039087949,0.0,1.0
32,2044.792899408284,-0.7323076923076923,2.724852071005917,1.3609467455621302,1.2011834319526626,0.5857988165680473,836.0177514792899,0.0,0.0,2.331360946745562,1.1242603550295858,1.2071005917159763,0.0,1.0
33,2031.958064516129,2.1973225806451615,3.0161290322580645,1.9161290322580644,0.9032258064516129,0.8612903225806452,843.6967741935484,0.0,0.0,1.2451612903225806,0.6419354838709678,0.603225806451613,0.0,0.9580645161290322
34,2090.2100840336134,-0.7661764705882352,1.7563025210084033,2.138655462184874,0.8697478991596639,0.6932773109243697,897.7226890756302,0.0,0.0,1.6764705882352942,0.8151260504201681,0.8613445378151261,0.0,1.0
35,2017.4418604651162,0.3195736434108527,3.0852713178294575,2.186046511627907,0.7054263565891473,0.562015503875969,818.3294573643411,0.0,0.0,1.5271317829457365,0.813953488372093,0.7131782945736435,0.0,0.9883720930232558
36,2048.5205479452056,-0.7991506849315069,3.1616438356164385,2.0273972602739727,0.989041095890411,0.6328767123287671,836.0,0.0,0.0,1.7013698630136986,0.7917808219178082,0.9095890410958904,0.0,1.0
37,2076.992366412214,1.0903435114503814,1.4961832061068703,1.6984732824427482,1.217557251908397,0.6374045801526718,905.7061068702291,0.0,0.0,2.6946564885496183,1.4083969465648856,1.286259541984733,0.0,0.9809160305343512
38,2040.7925696594427,-0.5788544891640867,2.7430340557275543,1.7894736842105263,0.8606811145510835,0.628482972136223,825.7058823529412,0.0,0.0,2.7956656346749225,1.4705882352941178,1.325077399380805,0.0,0.9969040247678018
39,2040.6236559139784,0.6244086021505376,2.400537634408602,1.8333333333333333,1.0725806451612903,0.7473118279569892,891.9516129032259,0.0,0.0,1.3790322580645162,0.7849462365591398,0.5940860215053764,0.0,0.9758064516129032
40,2066.645728643216,1.0827386934673366,1.4924623115577889,1.6407035175879396,1.6658291457286432,0.7361809045226131,900.7286432160804,0.0,0.0,2.8819095477386933,1.6331658291457287,1.2487437185929648,0.0,0.9849246231155779
41,2057.847094801223,-0.4759327217125382,2.874617737003058,2.1773700305810397,0.7889908256880734,0.7247706422018348,825.0152905198777,0.0,0.0,2.932721712538226,1.363914373088685,1.5688073394495412,0.0,0.9908256880733946
42,2073.828828828829,-0.5368168168168168,2.6126126126126126,1.2342342342342343,1.2852852852852852,0.6726726726726727,823.2132132132132,0.0,0.0,3.006006006006006,1.4264264264264264,1.5795795795795795,0.0,0.993993993993994
43,2087.9737609329445,-0.3339067055393586,1.3819241982507289,1.7230320699708455,1.533527696793003,0.7201166180758017,840.798833819242,0.0,0.0,1.9795918367346939,0.9446064139941691,1.0349854227405249,0.0,0.9941690962099126
44,2061.3249370277076,-0.17065491183879095,2.6801007556675063,1.7632241813602014,1.1612090680100755,0.818639798488665,832.5969773299748,0.0,0.0,3.1939546599496222,1.2468513853904282,1.9471032745591939,0.0,0.9899244332493703
45,2039.4409090909091,4.092,2.6136363636363638,1.5886363636363636,1.2568181818181818,0.7909090909090909,828.6636363636363,0.0,0.0,5.409090909090909,2.55,2.859090909090909,0.0,0.9454545454545454
46,2061.927360774818,1.4294430992736076,1.8232445520581113,1.757869249394673,1.7142857142857142,0.6924939467312349,831.3075060532688,0.0,0.0,2.767554479418886,1.334140435835351,1.4334140435835352,0.0,0.9806295399515739
47,2041.9679144385027,-0.27042780748663103,2.93048128342246,1.7058823529411764,1.1711229946524064,0.49732620320855614,754.4144385026738,0.0,0.0,1.5668449197860963,0.7540106951871658,0.8128342245989305,0.0,0.9893048128342246
48,2018.6131221719456,5.297081447963801,2.518099547511312,1.4638009049773755,1.3506787330316743,0.6357466063348416,789.3733031674208,0.0,0.0,1.9049773755656108,0.8981900452488688,1.006787330316742,0.0,0.918552036199095
49,2067.827664399093,-0.42290249433106575,1.4058956916099774,1.9160997732426304,1.5941043083900226,0.5668934240362812,849.3378684807257,0.0,0.0,3.0929705215419503,1.5895691609977325,1.5034013605442176,0.0,0.9931972789115646
50,2046.2614770459081,0.005389221556886205,2.5149700598802394,1.8203592814371257,1.5089820359281436,0.5389221556886228,814.4690618762475,0.0,0.0,1.1536926147704591,0.5608782435129741,0.592814371257485,0.0,0.9920159680638723
51,2055.0311804008907,-0.27732739420935415,2.4342984409799553,2.4565701559020043,1.0935412026726057,0.6636971046770601,825.4922048997773,0.0,0.0,2.200445434298441,1.2138084632516704,0.9866369710467706,0.0,0.9955456570155902
52,2084.541062801932,-0.6728985507246377,1.1207729468599035,1.391304347826087,1.6908212560386473,0.5845410628019324,831.828502415459,0.0,0.0,2.3719806763285023,1.2946859903381642,1.077294685990338,0.0,1.0
53,2058.3713646532437,0.9598881431767338,2.3400447427293063,1.7516778523489933,1.3579418344519016,0.6868008948545862,787.9888143176734,0.0,0.0,3.2751677852348995,1.7136465324384786,1.5615212527964206,0.0,0.9888143176733781
54,2080.741869918699,0.481219512195122,2.563008130081301,2.158536585365854,1.3739837398373984,0.6626016260162602,822.430894308943,0.0,0.0,2.3495934959349594,1.1178861788617886,1.2317073170731707,0.0,0.9776422764227642
55,2093.8361904761905,0.17413333333333333,1.483809523809524,1.740952380952381,1.7980952380952382,0.5561904761904762,826.6628571428571,0.0,0.0,1.4590476190476191,0.7561904761904762,0.7028571428571428,0.0,0.9923809523809524
56,2061.0918163672654,-0.3406786427145709,2.9900199600798403,1.437125748502994,1.467065868263473,0.6626746506986028,757.4930139720559,0.0,0.0,2.0499001996007986,0.8942115768463074,1.155688622754491,0.0,0.9900199600798403
57,2040.10546875,4.54390625,2.62890625,2.04296875,1.166015625,0.6796875,803.189453125,0.0,0.0,2.515625,1.115234375,1.400390625,0.0,0.919921875
58,2103.90573012939,3.0842144177449167,1.4639556377079483,1.911275415896488,1.7855822550831792,0.6580406654343808,844.6118299445471,0.0,0.0,4.920517560073937,2.255083179297597,2.66543438077634,0.0,0.9519408502772643
59,2108.827515400411,-0.4263039014373717,2.544147843942505,1.648870636550308,1.5626283367556468,0.5934291581108829,854.2279260780288,0.0,0.0,5.841889117043121,2.759753593429158,3.082135523613963,0.0,0.9917864476386037
60,2062.5610561056105,2.3965841584158416,2.5957095709570956,2.0231023102310233,1.5841584158415842,0.6320132013201321,836.8927392739274,0.0,0.0,3.5297029702970297,1.7326732673267327,1.797029702970297,0.0,0.9537953795379538
61,2090.4099009900992,0.15122772277227717,1.386138613861386,2.1425742574257427,1.6772277227722772,0.6673267326732674,777.3405940594059,0.0,0.0,5.255445544554456,2.512871287128713,2.742574257425743,0.0,0.9900990099009901
62,2086.359281437126,0.4307185628742514,2.3293413173652695,1.4251497005988023,1.562874251497006,0.656686626746507,769.9221556886228,0.0,0.0,8.850299401197605,4.209580838323354,4.640718562874252,0.0,0.9900199600798403
63,2063.3303085299453,2.4030852994555354,2.248638838475499,2.1978221415607986,1.5353901996370236,0.6533575317604355,830.7822141560798,0.0,0.0,4.09437386569873,2.019963702359347,2.0744101633393828,0.0,0.9509981851179673
64,2089.684300341297,-0.09235494880546077,1.3122866894197953,2.0716723549488054,1.7935153583617747,0.5767918088737202,850.1365187713311,0.0,0.0,3.7747440273037545,1.8959044368600682,1.878839590443686,0.0,0.9931740614334471
65,2081.9341216216217,-0.4117567567567567,2.4138513513513513,1.8091216216216217,1.5422297297297298,0.6317567567567568,774.0219594594595,0.0,0.0,5.8699324324324325,2.925675675675676,2.9442567567567566,0.0,0.9966216216216216
66,2059.996913580247,3.353549382716049,2.7253086419753085,1.9614197530864197,1.4521604938271604,0.6327160493827161,752.7021604938271,0.0,0.0,5.37962962962963,2.8487654320987654,2.5308641975308643,0.0,0.9537037037037037
67,2073.093555093555,1.5183367983367984,1.340956340956341,2.1143451143451144,1.5405405405405406,0.5862785862785863,796.8773388773388,0.0,0.0,2.9334719334719335,1.5904365904365905,1.343035343035343,0.0,0.9792099792099792
68,2066.8364389233952,1.1543685300207038,2.3374741200828155,1.865424430641822,1.4389233954451346,0.6335403726708074,783.0910973084887,0.0,0.0,5.387163561076605,2.9420289855072466,2.4451345755693583,0.0,0.9855072463768116
69,2051.4763458401303,3.0935562805872756,2.1158238172920063,2.3980424143556283,1.3866231647634584,0.6280587275693311,749.6492659053833,0.0,0.0,4.887438825448613,2.4192495921696575,2.468189233278956,0.0,0.9592169657422512
70,2055.572898799314,3.0464322469982847,1.3876500857632934,2.0823327615780447,1.9708404802744426,0.6123499142367067,789.3910806174957,0.0,0.0,3.855917667238422,1.9433962264150944,1.9125214408233275,0.0,0.9691252144082333
71,2090.9397993311036,-0.45785953177257527,2.205685618729097,2.309364548494983,1.3729096989966556,0.6187290969899666,782.7140468227425,0.0,0.0,5.88628762541806,2.839464882943144,3.0468227424749164,0.0,0.9949832775919732
72,2074.0178282009724,3.1109886547811993,2.286871961102107,2.141004862236629,1.4813614262560777,0.6450567260940032,764.8687196110211,0.0,0.0,5.184764991896272,2.447325769854133,2.7374392220421395,0.0,0.9529983792544571
73,2085.6660649819496,0.0008122743682310232,1.0649819494584838,2.0758122743682312,1.9097472924187726,0.6227436823104693,770.5451263537906,0.0,0.0,2.931407942238267,1.2653429602888087,1.6660649819494584,0.0,0.9963898916967509
74,2089.51871657754,-0.09739750445632797,2.265597147950089,1.8716577540106951,1.411764705882353,0.6880570409982175,797.0356506238859,0.0,0.0,6.103386809269162,3.1033868092691623,3.0,0.0,0.9928698752228164
75,2040.9345047923323,7.2144568690095845,2.2396166134185305,1.8801916932907348,1.5511182108626198,0.6789137380191693,800.6325878594249,0.0,0.0,6.215654952076678,3.07667731629393,3.1389776357827475,0.0,0.9105431309904153
76,2084.640429338104,0.9759928443649373,1.5277280858676208,2.1270125223613596,1.744186046511628,0.6404293381037567,848.7316636851521,0.0,0.0,5.465116279069767,2.7584973166368516,2.7066189624329158,0.0,0.9892665474060823
77,2064.589905362776,0.11698738170347006,2.452681388012618,2.1545741324921135,1.3154574132492114,0.5788643533123028,801.9842271293376,0.0,0.0,4.662460567823344,2.279179810725552,2.3832807570977916,0.0,0.9858044164037855
78,2041.4584664536742,4.44591054313099,2.263578274760383,2.1070287539936103,1.4984025559105432,0.7412140575079872,819.4488817891374,0.0,0.0,5.573482428115016,2.865814696485623,2.707667731629393,0.0,0.9440894568690096
79,2077.9607843137255,-0.7228627450980393,1.1686274509803922,2.215686274509804,1.7745098039215685,0.6549019607843137,876.243137254902,0.0,0.0,3.4235294117647057,1.7784313725490195,1.6450980392156862,0.0,1.0
80,2067.189655172414,-0.18227011494252873,2.0258620689655173,2.1623563218390807,1.507183908045977,0.5948275862068966,820.653735632184,0.0,0.0,3.5905172413793105,1.6422413793103448,1.9482758620689655,0.0,0.9899425287356322
81,2064.632520325203,2.9912357723577236,1.946341463414634,2.7934959349593496,1.3170731707317074,0.6682926829268293,765.689430894309,0.0,0.0,5.1414634146341465,2.656910569105691,2.484552845528455,0.0,0.9626016260162602
82,2080.3454231433507,0.2520034542314335,1.224525043177893,2.0397236614853194,1.915371329879102,0.5889464594127807,792.6096718480138,0.0,0.0,5.02245250431779,2.61139896373057,2.4110535405872193,0.0,0.9896373056994818
83,2067.4947183098593,0.5952640845070423,2.2588028169014085,2.112676056338028,1.4911971830985915,0.6355633802816901,753.0510563380282,0.0,0.0,5.191901408450704,2.7200704225352115,2.471830985915493,0.0,0.9859154929577465
84,2097.8312611012434,0.8742628774422735,2.6838365896980463,2.6341030195381885,1.2078152753108349,0.6589698046181173,799.7246891651865,0.0,0.0,7.923623445825933,4.0088809946714035,3.9147424511545292,0.0,0.9769094138543517
85,2105.298126064736,-0.7283475298126065,1.2776831345826236,2.03236797274276,2.0034071550255534,0.5894378194207837,784.5281090289608,0.0,0.0,4.09710391822828,2.1413969335604772,1.9557069846678024,0.0,1.0
86,2085.881261595547,0.14291280148423005,2.8608534322820036,1.536178107606679,1.5120593692022264,0.562152133580705,747.6660482374768,0.0,0.0,5.432282003710575,2.6623376623376624,2.769944341372913,0.0,0.9888682745825603
87,2052.8869257950532,2.3742049469964663,2.489399293286219,2.3992932862190814,1.2120141342756183,0.7597173144876325,779.2632508833922,0.0,0.0,4.627208480565371,2.2738515901060072,2.353356890459364,0.0,0.9487632508833922
88,2070.326530612245,2.4828100470957613,1.282574568288854,1.968602825745683,1.902668759811617,0.6357927786499215,775.5086342229199,0.0,0.0,2.816326530612245,1.3830455259026688,1.433281004709576,0.0,0.9748822605965463
89,2094.211631663974,-0.11972536348949922,2.3231017770597737,1.7770597738287561,1.5508885298869144,0.6284329563812601,759.2213247172859,0.0,0.0,3.665589660743134,1.8368336025848142,1.8287560581583198,0.0,0.9903069466882067
90,2090.2978723404253,1.3661246200607902,2.372340425531915,2.1109422492401215,1.506079027355623,0.6702127659574468,810.6398176291793,0.0,0.0,3.433130699088146,1.696048632218845,1.737082066869301,0.0,0.9741641337386018
91,2113.274647887324,-0.6721830985915493,1.1742957746478873,2.066901408450704,1.7940140845070423,0.6514084507042254,784.0281690140845,0.0,0.0,2.4524647887323945,1.2588028169014085,1.193661971830986,0.0,1.0
92,2127.8566433566434,-0.2024825174825175,2.2255244755244754,1.3636363636363635,1.6608391608391608,0.6433566433566433,782.8618881118881,0.0,0.0,4.601398601398602,2.370629370629371,2.230769230769231,0.0,0.993006993006993
93,2070.901694915254,3.618779661016949,2.0372881355932204,2.0966101694915253,1.5745762711864406,0.6915254237288135,736.3423728813559,0.0,0.0,2.435593220338983,1.0915254237288134,1.3440677966101695,0.0,0.9542372881355933
94,2152.279646017699,-0.1947079646017699,1.407079646017699,1.9982300884955753,1.808849557522124,0.6176991150442478,773.0637168141593,0.0,0.0,2.950442477876106,1.4300884955752213,1.520353982300885,0.0,0.9876106194690265
95,2141.4042933810374,-0.3980679785330948,2.2146690518783543,1.8747763864042934,1.5849731663685152,0.6225402504472272,736.9624329159213,0.0,0.0,4.459749552772808,2.1932021466905187,2.2665474060822897,0.0,0.9910554561717353
96,2068.6369636963695,3.3193729372937293,2.400990099009901,1.834983498349835,1.5247524752475248,0.6666666666666666,770.8613861386139,0.0,0.0,1.5808580858085808,0.7805280528052805,0.8003300330033003,0.0,0.9603960396039604
97,2094.6580406654343,3.0775970425138635,1.33271719038817,2.2402957486136783,1.567467652495379,0.6432532347504621,736.5693160813308,0.0,0.0,2.297597042513863,1.1367837338262476,1.1608133086876156,0.0,0.955637707948244
98,2093.3640167364015,0.3359135285913529,1.9693165969316597,1.8828451882845187,1.6652719665271967,0.6764295676429568,770.097629009763,0.0,0.0,2.097629009762901,0.99302649930265,1.104602510460251,0.0,0.9888423988842399
99,2100.593655589124,1.5986404833836858,1.9365558912386707,2.1842900302114803,1.7688821752265862,0.649546827794562,764.8111782477341,0.0,0.0,2.6450151057401814,1.3459214501510575,1.299093655589124,0.0,0.972809667673716
100,2090.0801104972375,0.9316988950276244,1.3107734806629834,1.888121546961326,2.031767955801105,0.5593922651933702,730.9074585635359,0.0,0.0,1.4378453038674033,0.7140883977900553,0.7237569060773481,0.0,0.9806629834254144
101,2140.544034090909,-0.3386789772727273,1.90625,2.086647727272727,1.6576704545454546,0.6491477272727273,770.6420454545455,0.0,0.0,2.725852272727273,1.2869318181818181,1.4389204545454546,0.0,0.9928977272727273
102,2099.272997032641,5.04540059347181,2.255192878338279,2.0548961424332344,1.4362017804154303,0.6824925816023739,744.3189910979229,0.0,0.0,2.8041543026706233,1.5089020771513353,1.2952522255192878,0.0,0.9421364985163204
103,2103.99306518724,0.8299722607489597,1.2011095700416088,2.08876560332871,1.9805825242718447,0.6116504854368932,754.7780859916783,0.0,0.0,2.593619972260749,1.2538141470180306,1.3398058252427185,0.0,0.9833564493758669
104,2135.144271570014,-0.614087694483734,2.5063649222065063,1.8203677510608203,1.661951909476662,0.6845827439886846,782.2050919377652,0.0,0.0,2.978783592644979,1.4908062234794908,1.487977369165488,0.0,0.9957567185289957
105,2080.568253968254,7.14147619047619,2.2523809523809524,2.1746031746031744,1.4730158730158731,0.734920634920635,725.131746031746,0.0,0.0,3.5047619047619047,1.6507936507936507,1.853968253968254,0.0,0.9174603174603174
106,2132.519368723099,0.017546628407460567,1.5911047345767575,1.9741750358680057,1.8680057388809181,0.6786226685796269,775.2482065997131,0.0,0.0,2.8536585365853657,1.4505021520803443,1.4031563845050214,0.0,0.994261119081779
107,2113.9481946624805,-0.6288226059654631,2.6530612244897958,2.0062794348508635,1.489795918367347,0.6970172684458399,787.4379905808477,0.0,0.0,2.8194662480376764,1.3987441130298273,1.4207221350078494,0.0,0.9937205651491365
108,2067.2430167597763,7.593966480446927,2.5139664804469275,2.1620111731843576,1.473463687150838,0.7374301675977654,792.913407821229,0.0,0.0,4.36731843575419,1.9804469273743017,2.386871508379888,0.0,0.914804469273743
109,2147.3661360347323,-0.7279305354558611,1.3646888567293778,2.366136034732272,1.9102749638205498,0.6512301013024602,823.6078147612156,0.0,0.0,3.238784370477569,1.4124457308248914,1.8263386396526773,0.0,1.0
110,2113.726072607261,-0.21524752475247527,2.396039603960396,2.1133113311331133,1.682068206820682,0.5874587458745875,823.4400440044004,0.0,0.0,1.977997799779978,0.9867986798679867,0.9911991199119912,0.0,0.9944994499449945
111,2141.98231292517,1.9405034013605442,2.3401360544217686,2.816326530612245,1.4231292517006802,0.7170068027210884,782.3156462585034,0.0,0.0,4.975510204081632,2.589115646258503,2.386394557823129,0.0,0.9659863945578231
112,2105.7011686143574,-0.27858096828046747,1.4524207011686143,2.1502504173622703,1.7529215358931554,0.6894824707846411,807.3722871452421,0.0,0.0,3.667779632721202,1.8297161936560935,1.8380634390651085,0.0,0.994991652754591
113,2118.8317610062895,0.03183962264150946,2.4040880503144653,1.9748427672955975,1.4764150943396226,0.7468553459119497,783.5440251572327,0.0,0.0,4.05503144654088,1.8915094339622642,2.1635220125786163,0.0,0.9842767295597484
114,2121.8635204081634,2.2731122448979595,2.8801020408163267,2.2002551020408165,1.2755102040816326,0.7806122448979592,718.079081632653,0.0,0.0,5.353316326530612,2.75,2.6033163265306123,0.0,0.9540816326530612
115,2127.2396121883658,1.1535180055401661,1.7022160664819945,2.1052631578947367,2.0512465373961217,0.739612188365651,777.8975069252077,0.0,0.0,3.39196675900277,1.7132963988919667,1.6786703601108033,0.0,0.9764542936288089
116,2152.2155688622756,-0.5132455089820359,3.2251497005988026,1.7940119760479043,1.4491017964071857,0.7113772455089821,795.4922155688623,0.0,0.0,4.168862275449102,1.9892215568862275,2.179640718562874,0.0,0.9940119760479041
117,2103.1610486891386,2.703445692883895,2.781523096129838,2.4481897627965044,1.3146067415730338,0.8064918851435705,784.8739076154807,0.0,0.0,4.888888888888889,2.3258426966292136,2.5630461922596752,0.0,0.951310861423221
118,2108.7509113001215,0.3071931956257594,1.4277035236938032,2.279465370595383,1.8578371810449574,0.6464155528554071,815.0340218712029,0.0,0.0,4.787363304981774,2.296476306196841,2.490886998784933,0.0,0.9890643985419199
119,2130.9008620689656,-0.5398706896551724,2.622844827586207,1.918103448275862,1.5571120689655173,0.646551724137931,800.9461206896551,0.0,0.0,4.679956896551724,2.2974137931034484,2.382543103448276,0.0,0.9946120689655172
120,2096.8349007314523,3.0310240334378267,2.787878787878788,2.25914315569488,1.508881922675026,0.6990595611285266,805.5381400208986,0.0,0.0,4.103448275862069,2.0543364681295717,2.0491118077324972,0.0,0.9540229885057471
121,2146.1966101694916,0.07159322033898302,1.3615819209039548,2.409039548022599,1.801129943502825,0.6621468926553672,847.9706214689265,0.0,0.0,4.68135593220339,2.1796610169491526,2.5016949152542374,0.0,0.9898305084745763
122,2157.863453815261,0.6902409638554217,3.0870147255689426,1.8380187416331994,1.4404283801874163,0.751004016064257,803.0133868808567,0.0,0.0,4.805890227576975,2.4538152610441766,2.352074966532798,0.0,0.9839357429718876
123,2093.4374282433982,4.162904707233065,2.502870264064294,2.182548794489093,1.738231917336395,0.9058553386911596,833.5200918484501,0.0,0.0,4.47646383467279,2.1056257175660162,2.3708381171067736,0.0,0.9334098737083811
124,2120.4134007585335,-0.31072060682680147,1.9013906447534765,2.1984829329962072,1.783817951959545,0.786346396965866,831.29203539823,0.0,0.0,5.450063211125158,2.5347661188369153,2.9152970922882426,0.0,0.9848293299620733
125,2143.204761904762,0.5269404761904762,2.9452380952380954,1.8845238095238095,1.473809523809524,0.7892857142857143,803.9916666666667,0.0,0.0,4.302380952380952,2.170238095238095,2.132142857142857,0.0,0.9809523809523809
126,2102.3133689839574,4.789390374331551,3.041711229946524,2.1850267379679145,1.5529411764705883,0.7572192513368984,816.0139037433155,0.0,0.0,3.0245989304812833,1.477005347593583,1.5475935828877005,0.0,0.9433155080213904
127,2134.405298013245,0.8839205298013245,1.733774834437086,2.0993377483443707,1.7298013245033113,0.776158940397351,813.476821192053,0.0,0.0,3.190728476821192,1.5973509933774834,1.5933774834437087,0.0,0.9814569536423841
128,2138.3248618784532,0.9788950276243094,2.78121546961326,2.0828729281767955,1.5635359116022098,0.7071823204419889,790.1790055248619,0.0,0.0,4.12707182320442,1.9314917127071822,2.1955801104972377,0.0,0.9834254143646409
129,2085.5787321063394,2.67319018404908,2.2607361963190185,2.4734151329243352,1.6492842535787322,0.7034764826175869,798.1359918200409,0.0,0.0,2.38241308793456,1.205521472392638,1.1768916155419222,0.0,0.9621676891615542
130,2106.316577540107,0.3886951871657754,1.6919786096256684,2.064171122994652,2.1058823529411765,0.5807486631016042,796.3786096256684,0.0,0.0,2.4684491978609624,1.277005347593583,1.1914438502673796,0.0,0.9828877005347594
131,2140.601609657948,-0.6073541247484909,2.7183098591549295,2.4235412474849096,1.4808853118712273,0.6327967806841046,792.1519114688128,0.0,0.0,2.8822937625754528,1.341046277665996,1.5412474849094568,0.0,0.9959758551307847
132,2087.389957264957,3.781816239316239,2.6955128205128207,2.405982905982906,1.4070512820512822,0.7777777777777778,801.6858974358975,0.0,0.0,2.1933760683760686,1.1495726495726495,1.0438034188034189,0.0,0.9433760683760684
133,2081.1680092059837,2.800253164556962,1.4867663981588033,2.220943613348677,2.0724971231300344,0.7387802071346375,806.2738780207135,0.0,0.0,1.3567318757192175,0.6766398158803222,0.6800920598388953,0.0,0.9631760644418872
134,2129.431818181818,0.0408893280632411,3.1047430830039526,2.352766798418972,1.4357707509881423,0.6304347826086957,819.251976284585,0.0,0.0,1.5088932806324111,0.6936758893280632,0.8152173913043478,0.0,0.9901185770750988
135,2063.2587006960557,7.438341067285383,2.8143851508120648,2.6125290023201857,1.4129930394431554,0.7946635730858469,796.9733178654292,0.0,0.0,1.177494199535963,0.6450116009280742,0.5324825986078886,0.0,0.9083526682134571
136,2109.7619047619046,0.8943990929705216,1.9603174603174602,2.385487528344671,1.873015873015873,0.7210884353741497,812.4761904761905,0.0,0.0,1.153061224489796,0.6054421768707483,0.5476190476190477,0.0,0.9750566893424036
137,2103.819773429454,0.9392790937178166,2.983522142121524,2.271884654994851,1.3975283213182286,0.6735324407826982,820.9258496395469,0.0,0.0,1.17610710607621,0.6436663233779608,0.5324407826982492,0.0,0.9824922760041195
138,2072.4600985221673,4.89960591133005,2.8610837438423644,2.1467980295566504,1.6088669950738916,0.6995073891625616,808.9911330049262,0.0,0.0,1.5694581280788178,0.6985221674876847,0.870935960591133,0.0,0.9270935960591133
139,2103.0433436532508,-0.5075128998968008,1.6604747162022704,2.3632610939112486,1.9814241486068112,0.5902992776057792,856.9896800825593,0.0,0.0,0.9607843137254902,0.4406604747162023,0.5201238390092879,0.0,0.9927760577915377
140,2100.543744120414,-0.1981185324553151,2.7036688617121354,2.3640639698965193,1.5907808090310442,0.6020696142991533,862.1787394167451,0.0,0.0,1.5409219190968957,0.7666980244590781,0.7742238946378175,0.0,0.9887111947318908
141,2084.699901283317,4.748035538005923,2.2833168805528135,2.671273445212241,1.6663376110562684,0.7166831194471865,834.7759131293188,0.0,0.0,1.543928923988154,0.6959526159921027,0.8479763079960513,0.0,0.9496544916090819
142,2127.496256684492,1.7968877005347594,1.7636363636363637,2.053475935828877,1.9240641711229947,0.704812834224599,854.1155080213904,0.0,0.0,1.7016042780748664,0.8320855614973262,0.8695187165775401,0.0,0.9721925133689839
143,2101.5200783545542,0.7252791380999021,2.7149853085210576,2.230166503428012,1.5964740450538688,0.6376101860920667,888.4897159647404,0.0,0.0,2.376101860920666,1.0881488736532812,1.287952987267385,0.0,0.9784524975514202
144,2063.166972477064,4.049091743119266,2.83302752293578,2.4357798165137616,1.534862385321101,0.6889908256880733,886.440366972477,0.0,0.0,1.3110091743119265,0.6807339449541284,0.6302752293577981,0.0,0.9376146788990826
145,2065.169690501601,0.5676947705442904,1.7897545357524012,1.9028815368196372,2.089647812166489,0.6862326574172892,884.8687299893277,0.0,0.0,0.8014941302027748,0.4044823906083244,0.39701173959445035,0.0,0.9818569903948773
146,2069.1778584392014,-0.018411978221415576,2.8121597096188746,2.062613430127042,1.6234119782214156,0.5635208711433757,906.9818511796733,0.0,0.0,1.7676950998185117,0.8493647912885662,0.9183303085299456,0.0,0.9891107078039928
147,2037.1580578512396,4.918130165289257,2.918388429752066,2.397727272727273,1.3987603305785123,0.7489669421487604,869.0309917355372,0.0,0.0,2.3357438016528924,1.103305785123967,1.2324380165289257,0.0,0.9183884297520661
148,2068.6382070437567,0.8169583778014942,1.7022411953041623,2.4663820704375667,2.0512273212379935,0.6392742796157951,914.91462113127,0.0,0.0,1.7385272145144077,0.8772678762006404,0.8612593383137673,0.0,0.9861259338313767
149,2064.91196834817,0.6709495548961424,2.9614243323442135,2.101879327398615,1.6340257171117705,0.6261127596439169,898.4342235410485,0.0,0.0,1.5875370919881306,0.7685459940652819,0.8189910979228486,0.0,0.9861523244312562
150,2048.1549783549785,3.6013160173160177,2.7307359307359307,2.4095238095238094,1.5445887445887445,0.651082251082251,869.5593073593074,0.0,0.0,1.4424242424242424,0.6536796536796536,0.7887445887445887,0.0,0.9341991341991343
151,2062.4282888229477,1.943303659742829,1.6013847675568744,2.589515331355094,2.030662710187933,0.6112759643916914,875.2482690405539,0.0,0.0,1.3590504451038576,0.6874381800197824,0.6716122650840751,0.0,0.9782393669634025
152,2075.058495821727,-0.05674094707520893,2.851439182915506,2.104921077065924,1.6341689879294337,0.5933147632311978,894.8941504178273,0.0,0.0,1.4001857010213556,0.6443825441039925,0.755803156917363,0.0,0.989786443825441
153,2032.0742624618515,5.382990844354018,2.7487283825025433,2.2828077314343846,1.5330620549338758,0.7609359104781281,841.7090539165819,0.0,0.0,1.930824008138352,0.8819938962360122,1.0488301119023398,0.0,0.9084435401831129
154,2069.3555992141455,0.5117387033398821,1.825147347740668,2.4096267190569747,1.9066797642436148,0.5844793713163065,859.6866404715128,0.0,0.0,1.2269155206286837,0.6070726915520629,0.6198428290766208,0.0,0.981335952848723
155,2067.4142066420663,0.9021125461254612,2.984317343173432,2.190959409594096,1.5267527675276753,0.5894833948339483,895.2619926199262,0.0,0.0,0.8837638376383764,0.4022140221402214,0.48154981549815495,0.0,0.977859778597786
156,2036.217607973422,6.215224252491694,3.117109634551495,2.4426910299003324,1.5191029900332227,0.6337209302325582,905.126245847176,0.0,0.0,2.223421926910299,1.0199335548172757,1.2034883720930232,0.0,0.904485049833887
157,2063.6985138004247,2.5529193205944796,1.9692144373673035,2.5127388535031847,1.753715498938429,0.6740976645435244,920.156050955414,0.0,0.0,1.9830148619957537,0.9575371549893843,1.0254777070063694,0.0,0.9628450106157113
158,2060.603524229075,0.2843788546255506,2.6202643171806166,2.149779735682819,1.6334801762114537,0.5964757709251102,960.6748898678414,0.0,0.0,1.9497797356828195,0.9118942731277533,1.037885462555066,0.0,0.9859030837004406
159,2067.210242587601,2.9482839173405213,2.5615453728661275,2.5444743935309972,1.583108715184187,0.6235399820305481,901.0170709793351,0.0,0.0,1.7780772686433064,0.8274932614555256,0.9505840071877808,0.0,0.9353099730458221
160,2064.616267942584,0.9801148325358852,1.8086124401913874,2.3444976076555024,2.0956937799043063,0.5952153110047846,943.111961722488,0.0,0.0,1.4181818181818182,0.6813397129186602,0.7368421052631579,0.0,0.9760765550239234
161,2074.8508928571428,1.1543571428571429,2.5,2.41875,1.5598214285714285,0.6142857142857143,941.8705357142857,0.0,0.0,1.4517857142857142,0.7017857142857142,0.75,0.0,0.9848214285714286
162,2025.8609625668448,5.939367201426025,3.14349376114082,2.4055258467023175,1.4349376114081998,0.6657754010695187,912.9385026737968,0.0,0.0,1.1443850267379678,0.5258467023172906,0.6185383244206774,0.0,0.8957219251336899
163,2061.310101010101,2.017787878787879,1.8252525252525253,2.11010101010101,2.0606060606060606,0.6171717171717171,920.7949494949495,0.0,0.0,0.9666666666666667,0.47575757575757577,0.4909090909090909,0.0,0.9737373737373738
164,2077.8794520547945,0.13567123287671234,3.225570776255708,2.2995433789954336,1.4036529680365297,0.5990867579908675,919.0082191780822,0.0,0.0,1.1388127853881278,0.5278538812785388,0.6109589041095891,0.0,0.9863013698630136
165,2021.1021759697257,7.00240302743614,3.3320719016083253,2.3727530747398298,1.3538315988647114,0.7133396404919584,895.8041627246926,0.0,0.0,1.1220435193945129,0.5373699148533586,0.5846736045411542,0.0,0.8789025543992431
166,2035.143137254902,4.715696078431373,1.9852941176470589,2.184313725490196,1.8980392156862744,0.638235294117647,850.1970588235295,0.0,0.0,1.4049019607843136,0.7382352941176471,0.6666666666666666,0.0,0.9411764705882353
167,2073.9246376811593,-0.26276328502415464,2.838647342995169,2.1710144927536232,1.595169082125604,0.6801932367149759,847.9265700483091,0.0,0.0,1.4415458937198067,0.6975845410628019,0.7439613526570048,0.0,0.9922705314009662
168,2043.8074817518248,5.066578467153285,2.8375912408759123,2.3576642335766422,1.4954379562043796,0.6359489051094891,847.3777372262774,0.0,0.0,1.2554744525547445,0.5967153284671532,0.6587591240875912,0.0,0.9206204379562044
169,2059.938260056127,1.9563236669784845,1.5827876520112254,2.2740879326473338,1.920486435921422,0.5902712815715622,825.5809167446212,0.0,0.0,1.3564078578110383,0.6557530402245089,0.7006548175865295,0.0,0.9728718428437793
170,2069.027937551356,-0.18421528348397698,2.4987674609695976,2.3286770747740344,1.6327033689400163,0.5184880854560394,874.1717337715694,0.0,0.0,1.865242399342646,0.828266228430567,1.0369761709120788,0.0,0.9909613804437141
171,2031.1732673267327,6.29286303630363,2.5008250825082508,2.5280528052805282,1.5594059405940595,0.6146864686468647,826.5016501650165,0.0,0.0,1.2326732673267327,0.5610561056105611,0.6716171617161716,0.0,0.9001650165016502
172,2069.132860040568,2.720628803245436,1.7778904665314401,2.2241379310344827,1.8955375253549696,0.6125760649087221,830.6277890466531,0.0,0.0,0.9188640973630832,0.4665314401622718,0.45233265720081134,0.0,0.9645030425963489
173,2062.7884267631102,-0.04403254972875224,2.612115732368897,2.148282097649186,1.6175406871609403,0.6148282097649186,869.1645569620254,0.0,0.0,1.701627486437613,0.6835443037974683,1.0180831826401446,0.0,0.9882459312839059
174,2050.0944055944055,3.6278671328671326,2.9589160839160837,2.4484265734265733,1.4825174825174825,0.6800699300699301,843.923951048951,0.0,0.0,1.2412587412587412,0.6302447552447552,0.611013986013986,0.0,0.9300699300699301
175,2072.0990206746465,1.489466811751904,1.8063112078346029,1.8890097932535364,2.128400435255713,0.6332970620239391,830.7932535364527,0.0,0.0,0.9891186071817193,0.5331882480957563,0.455930359085963,0.0,0.984766050054407
176,2081.786815068493,-0.17929794520547945,2.7097602739726026,2.243150684931507,1.6352739726027397,0.5205479452054794,872.0342465753424,0.0,0.0,2.7825342465753424,1.2842465753424657,1.4982876712328768,0.0,0.990582191780822
177,2038.0807265388496,5.549646821392533,2.749747729566095,2.4177598385469223,1.360242179616549,0.7265388496468214,855.7134207870838,0.0,0.0,3.094853683148335,1.5237134207870837,1.5711402623612514,0.0,0.9192734611503531
178,2075.472303206997,1.381885325558795,1.5461613216715258,2.305150631681244,2.056365403304179,0.6277939747327502,841.648202137998,0.0,0.0,2.882410106899903,1.402332361516035,1.4800777453838678,0.0,0.9718172983479106
179,2078.1702127659573,0.02728132387706856,2.5531914893617023,2.201733648542159,1.6871552403467298,0.5216706067769897,829.1497241922774,0.0,0.0,1.3010244286840031,0.6958234830575256,0.6052009456264775,0.0,0.9897557131599685
180,2033.1991561181435,4.713662447257383,2.831223628691983,2.4067510548523208,1.5578059071729957,0.6067510548523207,833.7502109704641,0.0,0.0,1.549367088607595,0.7291139240506329,0.8202531645569621,0.0,0.9282700421940928
181,2053.081213307241,1.9106653620352252,1.4794520547945205,2.235812133072407,1.926614481409002,0.6555772994129159,787.0919765166341,0.0,0.0,1.449119373776908,0.7446183953033269,0.7045009784735812,0.0,0.958904109589041
182,2070.3787195671775,0.49360685302073937,2.8809738503155997,2.0937781785392247,1.606853020739405,0.6230838593327321,846.8800721370604,0.0,0.0,2.7078449053201084,1.2705139765554554,1.4373309287646527,0.0,0.9837691614066727
183,2031.0765171503958,6.988733509234828,2.760773966578716,2.415127528583993,1.5725593667546174,0.6763412489006156,833.4547053649956,0.0,0.0,3.7985927880386985,1.8812664907651715,1.9173262972735268,0.0,0.8830255057167986
184,2057.8145240431795,1.952335623159961,1.8066732090284592,2.2178606476938176,1.9126594700686947,0.5819430814524044,837.368989205103,0.0,0.0,1.5691854759568205,0.7693817468105987,0.7998037291462218,0.0,0.9607458292443573
185,2069.9458987783596,0.5973560209424085,2.8603839441535777,2.1448516579406633,1.6221640488656195,0.5732984293193717,843.2251308900524,0.0,0.0,1.9389179755671901,0.9799301919720768,0.9589877835951134,0.0,0.9834205933682374
186,2056.865353037767,5.423809523809524,3.0960591133004924,2.473727422003284,1.5016420361247949,0.632183908045977,825.163382594417,0.0,0.0,3.5558292282430215,1.7857142857142858,1.7701149425287357,0.0,0.9146141215106732
187,2114.9684782608697,-0.08986956521739131,1.8532608695652173,2.369565217391304,1.7380434782608696,0.6326086956521739,844.15,0.0,0.0,2.877173913043478,1.45,1.4271739130434782,0.0,0.9847826086956522
188,2080.54667721519,0.8699683544303797,2.3765822784810124,2.3227848101265822,1.6859177215189873,0.5253164556962026,872.1835443037975,0.0,0.0,1.7768987341772151,0.8987341772151899,0.8781645569620253,0.0,0.9818037974683544
189,2104.3053797468356,3.2833781645569617,2.518987341772152,2.4960443037974684,1.6075949367088607,0.5688291139240507,823.2737341772151,0.0,0.0,2.0712025316455698,1.009493670886076,1.0617088607594938,0.0,0.9375
190,2083.93838028169,0.5563556338028169,1.789612676056338,2.4234154929577465,2.044894366197183,0.573943661971831,845.7042253521126,0.0,0.0,1.5598591549295775,0.8080985915492958,0.7517605633802817,0.0,0.9806338028169014
191,2100.6544991511037,1.0626061120543293,2.536502546689304,2.566213921901528,1.6162988115449914,0.5730050933786078,871.981324278438,0.0,0.0,2.059422750424448,1.00339558573854,1.0560271646859083,0.0,0.9813242784380306
192,2050.131534569983,4.96818718381113,2.7411467116357504,2.412310286677909,1.542158516020236,0.6551433389544689,859.9367622259697,0.0,0.0,1.5177065767284992,0.7310286677908938,0.7866779089376054,0.0,0.9198988195615514
193,2077.759698275862,2.7104849137931035,1.8071120689655173,2.242456896551724,1.9407327586206897,0.7359913793103449,828.40625,0.0,0.0,1.2359913793103448,0.6422413793103449,0.59375,0.0,0.9547413793103449
194,2105.277777777778,1.4672478632478632,3.016239316239316,2.3803418803418803,1.447008547008547,0.6136752136752137,866.6162393162393,0.0,0.0,1.594871794871795,0.7905982905982906,0.8042735042735043,0.0,0.9735042735042735
195,2036.7297056199823,8.104388938447816,2.825156110615522,2.6592328278322928,1.3247100802854594,0.6708296164139161,869.9794826048171,0.0,0.0,1.5887600356824263,0.7323818019625334,0.856378233719893,0.0,0.8840321141837645
196,2088.0542231491136,2.935349322210636,1.7007299270072993,2.315954118873827,2.0093847758081336,0.6777893639207507,834.148070907195,0.0,0.0,1.2805005213764338,0.6652763295099061,0.6152241918665277,0.0,0.9468196037539103
197,2095.7747914735864,0.7697961075069509,2.655236329935125,2.4300278035217793,1.4782205746061168,0.6589434661723819,829.0871177015755,0.0,0.0,1.8489341983317886,0.907321594068582,0.9416126042632067,0.0,0.9833178869323448
198,2057.4950900163667,6.531595744680851,2.84860883797054,2.4296235679214404,1.613747954173486,0.6636661211129297,857.3355155482815,0.0,0.0,1.665302782324059,0.823240589198036,0.8420621931260229,0.0,0.8936170212765957
199,2094.30377166157,1.5811926605504587,1.691131498470948,2.494393476044852,1.9724770642201834,0.6778797145769623,843.868501529052,0.0,0.0,0.8827726809378186,0.4536187563710499,0.4291539245667686,0.0,0.9663608562691132
200,2131.473639455782,1.109438775510204,2.6054421768707483,2.4226190476190474,1.689625850340136,0.5697278911564626,868.3018707482993,0.0,0.0,1.2015306122448979,0.5501700680272109,0.6513605442176871,0.0,0.9812925170068028
201,2082.4078303425777,7.279584013050571,2.4730831973898857,2.6924959216965743,1.497553017944535,0.633768352365416,834.7667210440457,0.0,0.0,0.8931484502446982,0.399673735725938,0.4934747145187602,0.0,0.9061990212071778
202,2128.7412882787753,3.9406546990496305,1.8912354804646252,2.2080253431890178,1.9662090813093982,0.7708553326293559,842.7286166842661,0.0,0.0,1.044350580781415,0.48996832101372756,0.5543822597676874,0.0,0.9376979936642027
203,2160.3606115107914,0.41148381294964026,2.5251798561151078,2.286870503597122,1.7095323741007193,0.6807553956834532,832.7544964028777,0.0,0.0,1.3615107913669064,0.6807553956834532,0.6807553956834532,0.0,0.9856115107913669
204,2078.7774936061383,4.446888320545609,2.8925831202046037,2.6743393009377665,1.4492753623188406,0.6564364876385337,827.1210571184996,0.0,0.0,0.8618925831202046,0.4398976982097187,0.4219948849104859,0.0,0.9292412617220801
205,2088.223084384093,3.413734238603298,1.7468477206595538,2.186226964112512,1.9951503394762367,0.6847720659553831,816.9670223084385,0.0,0.0,1.3074684772065956,0.6537342386032978,0.6537342386032978,0.0,0.9515033947623667
206,2144.623176661264,-0.2449837925445705,2.735008103727715,2.36547811993517,1.660453808752026,0.5826580226904376,883.385737439222,0.0,0.0,1.5721231766612642,0.6993517017828201,0.8727714748784441,0.0,0.9918962722852512
207,2108.4157303370785,5.396698357821953,2.575626620570441,2.8280034572169406,1.2005185825410545,0.68971477960242,875.457216940363,0.0,0.0,2.209161624891962,1.087294727744166,1.121866897147796,0.0,0.8980121002592912
208,2083.0219560878245,4.530059880239521,1.4241516966067864,2.5698602794411176,1.8982035928143712,0.6606786427145709,900.6377245508982,0.0,0.0,1.1676646706586826,0.6017964071856288,0.5658682634730539,0.0,0.9590818363273453
209,2120.0312750601443,0.5265757818765036,2.3969526864474737,2.316760224538893,1.7121090617481958,0.5725741780272654,896.1002405773858,0.0,0.0,1.5878107457898958,0.7433841218925421,0.8444266238973537,0.0,0.9863672814755413
210,2071.747508305648,4.630681063122924,2.7682724252491693,2.6935215946843853,1.4700996677740863,0.6511627906976745,889.7325581395348,0.0,0.0,1.3646179401993355,0.6644518272425249,0.7001661129568106,0.0,0.9186046511627907
211,2073.5094696969695,4.397613636363636,1.4109848484848484,2.632575757575758,2.0018939393939394,0.6515151515151515,916.1846590909091,0.0,0.0,1.1392045454545454,0.5464015151515151,0.5928030303030303,0.0,0.9545454545454546
212,2104.115008156607,1.0035970636215334,2.5562805872756935,2.133768352365416,1.7520391517128875,0.6044045676998369,891.9176182707994,0.0,0.0,1.3898858075040783,0.7226753670473083,0.66721044045677,0.0,0.9828711256117455
213,2069.9436379163108,6.390042698548249,2.43467122117848,2.4645602049530315,1.4918872758326216,0.703672075149445,884.0734415029889,0.0,0.0,1.7327070879590094,0.9009393680614859,0.8317677198975235,0.0,0.9069171648163963
214,2062.990393852065,2.8353890489913542,1.87223823246878,2.578290105667627,1.8146013448607108,0.6858789625360231,894.4918347742555,0.0,0.0,1.0038424591738713,0.5206532180595581,0.48318924111431316,0.0,0.9596541786743515
215,2095.5764909248055,0.129066551426102,2.8210890233362145,2.3396715643906654,1.571305099394987,0.6335350043215212,903.1080380293863,0.0,0.0,1.4070872947277442,0.6983578219533275,0.7087294727744166,0.0,0.9870354364736387
216,2048.334382376082,5.466923682140047,2.891424075531078,2.676632572777341,1.4689221085759245,0.6262785208497246,929.3768686073957,0.0,0.0,1.6742722265932337,0.8371361132966169,0.8371361132966169,0.0,0.9016522423288749
217,2050.918200408998,3.472044989775051,2.044989775051125,2.649284253578732,1.6533742331288344,0.6809815950920245,921.4284253578733,0.0,0.0,1.4376278118609407,0.7167689161554193,0.7208588957055214,0.0,0.9560327198364008
218,2061.434817813765,1.5328097165991903,2.531174089068826,2.31497975708502,1.7214574898785424,0.5684210526315789,917.5805668016194,0.0,0.0,1.0582995951417005,0.5562753036437247,0.5020242914979757,0.0,0.9724696356275304
219,2051.5297805642635,4.0391300940438875,2.4286833855799372,2.550940438871473,1.6684952978056427,0.5822884012539185,880.5250783699059,0.0,0.0,1.5462382445141065,0.7547021943573667,0.7915360501567398,0.0,0.9231974921630094
220,2073.219367588933,0.5615909090909091,1.9812252964426877,2.7885375494071147,2.3626482213438735,0.674901185770751,959.7816205533596,0.0,0.0,1.3241106719367588,0.6894164193867458,0.6350148367952523,0.0,0.9654150197628458
