timestamp_ms,source,message,data
491,GA,Gen 1 started | 100 founders | RL=true,
10904,GA,Gen 1 -> starting Map 2/5,
16833,GA,Gen 1 -> starting Map 3/5,
19283,GA,Gen 1 -> starting Map 4/5,
20750,GA,Gen 1 -> starting Map 5/5,
21175,GA,Gen 0 | 258 agents | tournament k=2 → 100 offspring,
21206,GA,Gen 2 started | 100 founders | RL=true,
27594,GA,Gen 2 -> starting Map 2/5,
29224,GA,Gen 2 -> starting Map 3/5,
30599,GA,Gen 2 -> starting Map 4/5,
31159,GA,Gen 2 -> starting Map 5/5,
31606,GA,Gen 1 | 138 agents | tournament k=2 → 100 offspring,
31630,GA,Gen 3 started | 100 founders | RL=true,
37590,GA,Gen 3 -> starting Map 2/5,
39551,GA,Gen 3 -> starting Map 3/5,
40970,GA,Gen 3 -> starting Map 4/5,
42339,GA,Gen 3 -> starting Map 5/5,
43199,GA,Gen 2 | 159 agents | tournament k=2 → 100 offspring,
43224,GA,Gen 4 started | 100 founders | RL=true,
49895,GA,Gen 4 -> starting Map 2/5,
55731,GA,Gen 4 -> starting Map 3/5,
59122,GA,Gen 4 -> starting Map 4/5,
60736,GA,Gen 4 -> starting Map 5/5,
62085,GA,Gen 3 | 298 agents | tournament k=2 → 100 offspring,
62112,GA,Gen 5 started | 100 founders | RL=true,
68769,GA,Gen 5 -> starting Map 2/5,
71265,GA,Gen 5 -> starting Map 3/5,
72686,GA,Gen 5 -> starting Map 4/5,
74076,GA,Gen 5 -> starting Map 5/5,
75166,GA,Gen 4 | 200 agents | tournament k=2 → 100 offspring,
75196,GA,Gen 6 started | 100 founders | RL=true,
81367,GA,Gen 6 -> starting Map 2/5,
84988,GA,Gen 6 -> starting Map 3/5,
87335,GA,Gen 6 -> starting Map 4/5,
88705,GA,Gen 6 -> starting Map 5/5,
89671,GA,Gen 5 | 211 agents | tournament k=2 → 100 offspring,
89696,GA,Gen 7 started | 100 founders | RL=true,
96983,GA,Gen 7 -> starting Map 2/5,
102904,GA,Gen 7 -> starting Map 3/5,
105400,GA,Gen 7 -> starting Map 4/5,
106816,GA,Gen 7 -> starting Map 5/5,
108068,GA,Gen 6 | 294 agents | tournament k=2 → 100 offspring,
108093,GA,Gen 8 started | 100 founders | RL=true,
114804,GA,Gen 8 -> starting Map 2/5,
116959,GA,Gen 8 -> starting Map 3/5,
118499,GA,Gen 8 -> starting Map 4/5,
119892,GA,Gen 8 -> starting Map 5/5,
120908,GA,Gen 7 | 203 agents | tournament k=2 → 100 offspring,
120934,GA,Gen 9 started | 100 founders | RL=true,
127573,GA,Gen 9 -> starting Map 2/5,
132983,GA,Gen 9 -> starting Map 3/5,
136076,GA,Gen 9 -> starting Map 4/5,
137467,GA,Gen 9 -> starting Map 5/5,
138144,GA,Gen 8 | 279 agents | tournament k=2 → 100 offspring,
138171,GA,Gen 10 started | 100 founders | RL=true,
146177,GA,Gen 10 -> starting Map 2/5,
151705,GA,Gen 10 -> starting Map 3/5,
154629,GA,Gen 10 -> starting Map 4/5,
156028,GA,Gen 10 -> starting Map 5/5,
242813,GA,Gen 14 | 177 agents | tournament k=2 → 100 offspring,
242841,GA,Gen 16 started | 100 founders | RL=true,
251366,GA,Gen 16 -> starting Map 2/5,
259170,GA,Gen 16 -> starting Map 3/5,
263112,GA,Gen 16 -> starting Map 4/5,
265040,GA,Gen 16 -> starting Map 5/5,
265883,GA,Gen 15 | 385 agents | tournament k=2 → 100 offspring,
265909,GA,Gen 17 started | 100 founders | RL=true,
272895,GA,Gen 17 -> starting Map 2/5,
274979,GA,Gen 17 -> starting Map 3/5,
276341,GA,Gen 17 -> starting Map 4/5,
277540,GA,Gen 17 -> starting Map 5/5,
278183,GA,Gen 16 | 169 agents | tournament k=2 → 100 offspring,
278206,GA,Gen 18 started | 100 founders | RL=true,
284545,GA,Gen 18 -> starting Map 2/5,
287982,GA,Gen 18 -> starting Map 3/5,
290169,GA,Gen 18 -> starting Map 4/5,
291573,GA,Gen 18 -> starting Map 5/5,
292634,GA,Gen 17 | 224 agents | tournament k=2 → 100 offspring,
292660,GA,Gen 19 started | 100 founders | RL=true,
301710,GA,Gen 19 -> starting Map 2/5,
310977,GA,Gen 19 -> starting Map 3/5,
314802,GA,Gen 19 -> starting Map 4/5,
316687,GA,Gen 19 -> starting Map 5/5,
317792,GA,Gen 18 | 428 agents | tournament k=2 → 100 offspring,
317820,GA,Gen 20 started | 100 founders | RL=true,
325020,GA,Gen 20 -> starting Map 2/5,
327328,GA,Gen 20 -> starting Map 3/5,
328715,GA,Gen 20 -> starting Map 4/5,
330117,GA,Gen 20 -> starting Map 5/5,
520302,GA,Gen 29 | 223 agents | tournament k=2 → 100 offspring,
520330,GA,Gen 31 started | 100 founders | RL=true,
530744,GA,Gen 31 -> starting Map 2/5,
539609,GA,Gen 31 -> starting Map 3/5,
543441,GA,Gen 31 -> starting Map 4/5,
545430,GA,Gen 31 -> starting Map 5/5,
546698,GA,Gen 30 | 445 agents | tournament k=2 → 100 offspring,
546721,GA,Gen 32 started | 100 founders | RL=true,
556052,GA,Gen 32 -> starting Map 2/5,
560159,GA,Gen 32 -> starting Map 3/5,
561950,GA,Gen 32 -> starting Map 4/5,
563342,GA,Gen 32 -> starting Map 5/5,
564114,GA,Gen 31 | 287 agents | tournament k=2 → 100 offspring,
564139,GA,Gen 33 started | 100 founders | RL=true,
571368,GA,Gen 33 -> starting Map 2/5,
575393,GA,Gen 33 -> starting Map 3/5,
577363,GA,Gen 33 -> starting Map 4/5,
578755,GA,Gen 33 -> starting Map 5/5,
579801,GA,Gen 32 | 237 agents | tournament k=2 → 100 offspring,
579825,GA,Gen 34 started | 100 founders | RL=true,
590078,GA,Gen 34 -> starting Map 2/5,
599481,GA,Gen 34 -> starting Map 3/5,
606245,GA,Gen 34 -> starting Map 4/5,
608862,GA,Gen 34 -> starting Map 5/5,
609528,GA,Gen 33 | 510 agents | tournament k=2 → 100 offspring,
609554,GA,Gen 35 started | 100 founders | RL=true,
619196,GA,Gen 35 -> starting Map 2/5,
622931,GA,Gen 35 -> starting Map 3/5,
624327,GA,Gen 35 -> starting Map 4/5,
625715,GA,Gen 35 -> starting Map 5/5,
831950,GA,Gen 44 | 292 agents | tournament k=2 → 100 offspring,
831977,GA,Gen 46 started | 100 founders | RL=true,
843041,GA,Gen 46 -> starting Map 2/5,
855018,GA,Gen 46 -> starting Map 3/5,
860601,GA,Gen 46 -> starting Map 4/5,
862814,GA,Gen 46 -> starting Map 5/5,
863433,GA,Gen 45 | 542 agents | tournament k=2 → 100 offspring,
863456,GA,Gen 47 started | 100 founders | RL=true,
873316,GA,Gen 47 -> starting Map 2/5,
876797,GA,Gen 47 -> starting Map 3/5,
878238,GA,Gen 47 -> starting Map 4/5,
879659,GA,Gen 47 -> starting Map 5/5,
880965,GA,Gen 46 | 279 agents | tournament k=2 → 100 offspring,
880989,GA,Gen 48 started | 100 founders | RL=true,
888371,GA,Gen 48 -> starting Map 2/5,
893070,GA,Gen 48 -> starting Map 3/5,
895675,GA,Gen 48 -> starting Map 4/5,
897066,GA,Gen 48 -> starting Map 5/5,
897804,GA,Gen 47 | 261 agents | tournament k=2 → 100 offspring,
897830,GA,Gen 49 started | 100 founders | RL=true,
909242,GA,Gen 49 -> starting Map 2/5,
920913,GA,Gen 49 -> starting Map 3/5,
925430,GA,Gen 49 -> starting Map 4/5,
927270,GA,Gen 49 -> starting Map 5/5,
927857,GA,Gen 48 | 525 agents | tournament k=2 → 100 offspring,
927882,GA,Gen 50 started | 100 founders | RL=true,
936630,GA,Gen 50 -> starting Map 2/5,
939775,GA,Gen 50 -> starting Map 3/5,
941246,GA,Gen 50 -> starting Map 4/5,
942642,GA,Gen 50 -> starting Map 5/5,
1051504,GA,Gen 54 | 516 agents | tournament k=2 → 100 offspring,
1051529,GA,Gen 56 started | 100 founders | RL=true,
1061216,GA,Gen 56 -> starting Map 2/5,
1065171,GA,Gen 56 -> starting Map 3/5,
1066505,GA,Gen 56 -> starting Map 4/5,
1067217,GA,Gen 56 -> starting Map 5/5,
1067819,GA,Gen 55 | 244 agents | tournament k=2 → 100 offspring,
1067841,GA,Gen 57 started | 100 founders | RL=true,
1075385,GA,Gen 57 -> starting Map 2/5,
1079584,GA,Gen 57 -> starting Map 3/5,
1082279,GA,Gen 57 -> starting Map 4/5,
1083649,GA,Gen 57 -> starting Map 5/5,
1084260,GA,Gen 56 | 250 agents | tournament k=2 → 100 offspring,
1084284,GA,Gen 58 started | 100 founders | RL=true,
1095914,GA,Gen 58 -> starting Map 2/5,
1105771,GA,Gen 58 -> starting Map 3/5,
1111334,GA,Gen 58 -> starting Map 4/5,
1113517,GA,Gen 58 -> starting Map 5/5,
1114653,GA,Gen 57 | 517 agents | tournament k=2 → 100 offspring,
1114682,GA,Gen 59 started | 100 founders | RL=true,
1124938,GA,Gen 59 -> starting Map 2/5,
1129431,GA,Gen 59 -> starting Map 3/5,
1131593,GA,Gen 59 -> starting Map 4/5,
1133481,GA,Gen 59 -> starting Map 5/5,
1134641,GA,Gen 58 | 337 agents | tournament k=2 → 100 offspring,
1134664,GA,Gen 60 started | 100 founders | RL=true,
1142512,GA,Gen 60 -> starting Map 2/5,
1146794,GA,Gen 60 -> starting Map 3/5,
1149007,GA,Gen 60 -> starting Map 4/5,
1150409,GA,Gen 60 -> starting Map 5/5,
1151714,GA,Gen 59 | 256 agents | tournament k=2 → 100 offspring,
1151743,GA,Gen 61 started | 100 founders | RL=true,
1164615,GA,Gen 61 -> starting Map 2/5,
1176695,GA,Gen 61 -> starting Map 3/5,
1182081,GA,Gen 61 -> starting Map 4/5,
1184097,GA,Gen 61 -> starting Map 5/5,
1184657,GA,Gen 60 | 570 agents | tournament k=2 → 100 offspring,
1184680,GA,Gen 62 started | 100 founders | RL=true,
1194649,GA,Gen 62 -> starting Map 2/5,
1198441,GA,Gen 62 -> starting Map 3/5,
1199935,GA,Gen 62 -> starting Map 4/5,
1201337,GA,Gen 62 -> starting Map 5/5,
1202468,GA,Gen 61 | 294 agents | tournament k=2 → 100 offspring,
1202492,GA,Gen 63 started | 100 founders | RL=true,
1209998,GA,Gen 63 -> starting Map 2/5,
1214334,GA,Gen 63 -> starting Map 3/5,
1216429,GA,Gen 63 -> starting Map 4/5,
1217493,GA,Gen 63 -> starting Map 5/5,
1218115,GA,Gen 62 | 232 agents | tournament k=2 → 100 offspring,
1218139,GA,Gen 64 started | 100 founders | RL=true,
1230935,GA,Gen 64 -> starting Map 2/5,
1242546,GA,Gen 64 -> starting Map 3/5,
1248811,GA,Gen 64 -> starting Map 4/5,
1251450,GA,Gen 64 -> starting Map 5/5,
1252108,GA,Gen 63 | 576 agents | tournament k=2 → 100 offspring,
1252135,GA,Gen 65 started | 100 founders | RL=true,
1262851,GA,Gen 65 -> starting Map 2/5,
1266594,GA,Gen 65 -> starting Map 3/5,
1267910,GA,Gen 65 -> starting Map 4/5,
1268877,GA,Gen 65 -> starting Map 5/5,
1269315,GA,Gen 64 | 259 agents | tournament k=2 → 100 offspring,
1269343,GA,Gen 66 started | 100 founders | RL=true,
1277522,GA,Gen 66 -> starting Map 2/5,
1283288,GA,Gen 66 -> starting Map 3/5,
1285585,GA,Gen 66 -> starting Map 4/5,
1286560,GA,Gen 66 -> starting Map 5/5,
1287136,GA,Gen 65 | 276 agents | tournament k=2 → 100 offspring,
1287161,GA,Gen 67 started | 100 founders | RL=true,
1299040,GA,Gen 67 -> starting Map 2/5,
1309012,GA,Gen 67 -> starting Map 3/5,
1312024,GA,Gen 67 -> starting Map 4/5,
1313589,GA,Gen 67 -> starting Map 5/5,
1314638,GA,Gen 66 | 458 agents | tournament k=2 → 100 offspring,
1314663,GA,Gen 68 started | 100 founders | RL=true,
1325022,GA,Gen 68 -> starting Map 2/5,
1328549,GA,Gen 68 -> starting Map 3/5,
1329939,GA,Gen 68 -> starting Map 4/5,
1331324,GA,Gen 68 -> starting Map 5/5,
1332601,GA,Gen 67 | 270 agents | tournament k=2 → 100 offspring,
1332625,GA,Gen 69 started | 100 founders | RL=true,
1341568,GA,Gen 69 -> starting Map 2/5,
1348086,GA,Gen 69 -> starting Map 3/5,
1350874,GA,Gen 69 -> starting Map 4/5,
1352220,GA,Gen 69 -> starting Map 5/5,
1352716,GA,Gen 68 | 318 agents | tournament k=2 → 100 offspring,
1352740,GA,Gen 70 started | 100 founders | RL=true,
1364921,GA,Gen 70 -> starting Map 2/5,
1375506,GA,Gen 70 -> starting Map 3/5,
1382175,GA,Gen 70 -> starting Map 4/5,
1384869,GA,Gen 70 -> starting Map 5/5,
1492640,GA,Gen 74 | 289 agents | tournament k=2 → 100 offspring,
1492670,GA,Gen 76 started | 100 founders | RL=true,
1505641,GA,Gen 76 -> starting Map 2/5,
1518166,GA,Gen 76 -> starting Map 3/5,
1522722,GA,Gen 76 -> starting Map 4/5,
1524552,GA,Gen 76 -> starting Map 5/5,
1525396,GA,Gen 75 | 563 agents | tournament k=2 → 100 offspring,
1525424,GA,Gen 77 started | 100 founders | RL=true,
1536080,GA,Gen 77 -> starting Map 2/5,
1540611,GA,Gen 77 -> starting Map 3/5,
1542028,GA,Gen 77 -> starting Map 4/5,
1543404,GA,Gen 77 -> starting Map 5/5,
1544303,GA,Gen 76 | 299 agents | tournament k=2 → 100 offspring,
1544326,GA,Gen 78 started | 100 founders | RL=true,
1552535,GA,Gen 78 -> starting Map 2/5,
1556391,GA,Gen 78 -> starting Map 3/5,
1558794,GA,Gen 78 -> starting Map 4/5,
1560200,GA,Gen 78 -> starting Map 5/5,
1561528,GA,Gen 77 | 271 agents | tournament k=2 → 100 offspring,
1561553,GA,Gen 79 started | 100 founders | RL=true,
1576283,GA,Gen 79 -> starting Map 2/5,
1590581,GA,Gen 79 -> starting Map 3/5,
1598004,GA,Gen 79 -> starting Map 4/5,
1601003,GA,Gen 79 -> starting Map 5/5,
1602247,GA,Gen 78 | 716 agents | tournament k=2 → 100 offspring,
1602270,GA,Gen 80 started | 100 founders | RL=true,
1613767,GA,Gen 80 -> starting Map 2/5,
1618465,GA,Gen 80 -> starting Map 3/5,
1619953,GA,Gen 80 -> starting Map 4/5,
1621373,GA,Gen 80 -> starting Map 5/5,
1622374,GA,Gen 79 | 335 agents | tournament k=2 → 100 offspring,
1622399,GA,Gen 81 started | 100 founders | RL=true,
1631496,GA,Gen 81 -> starting Map 2/5,
1637654,GA,Gen 81 -> starting Map 3/5,
1640760,GA,Gen 81 -> starting Map 4/5,
1642184,GA,Gen 81 -> starting Map 5/5,
1643455,GA,Gen 80 | 341 agents | tournament k=2 → 100 offspring,
1643481,GA,Gen 82 started | 100 founders | RL=true,
1655628,GA,Gen 82 -> starting Map 2/5,
1666574,GA,Gen 82 -> starting Map 3/5,
1673343,GA,Gen 82 -> starting Map 4/5,
1676061,GA,Gen 82 -> starting Map 5/5,
1676704,GA,Gen 81 | 576 agents | tournament k=2 → 100 offspring,
1676730,GA,Gen 83 started | 100 founders | RL=true,
1688143,GA,Gen 83 -> starting Map 2/5,
1692401,GA,Gen 83 -> starting Map 3/5,
1693941,GA,Gen 83 -> starting Map 4/5,
1695334,GA,Gen 83 -> starting Map 5/5,
1696196,GA,Gen 82 | 321 agents | tournament k=2 → 100 offspring,
1696222,GA,Gen 84 started | 100 founders | RL=true,
1705327,GA,Gen 84 -> starting Map 2/5,
1711392,GA,Gen 84 -> starting Map 3/5,
1714455,GA,Gen 84 -> starting Map 4/5,
1715831,GA,Gen 84 -> starting Map 5/5,
1716591,GA,Gen 83 | 322 agents | tournament k=2 → 100 offspring,
1716616,GA,Gen 85 started | 100 founders | RL=true,
1729971,GA,Gen 85 -> starting Map 2/5,
1741745,GA,Gen 85 -> starting Map 3/5,
1746612,GA,Gen 85 -> starting Map 4/5,
1749071,GA,Gen 85 -> starting Map 5/5,
1750331,GA,Gen 84 | 582 agents | tournament k=2 → 100 offspring,
1750359,GA,Gen 86 started | 100 founders | RL=true,
1761219,GA,Gen 86 -> starting Map 2/5,
1765774,GA,Gen 86 -> starting Map 3/5,
1767668,GA,Gen 86 -> starting Map 4/5,
1769055,GA,Gen 86 -> starting Map 5/5,
1769935,GA,Gen 85 | 316 agents | tournament k=2 → 100 offspring,
1769958,GA,Gen 87 started | 100 founders | RL=true,
1778516,GA,Gen 87 -> starting Map 2/5,
1782893,GA,Gen 87 -> starting Map 3/5,
1785114,GA,Gen 87 -> starting Map 4/5,
1786535,GA,Gen 87 -> starting Map 5/5,
1787844,GA,Gen 86 | 284 agents | tournament k=2 → 100 offspring,
1787868,GA,Gen 88 started | 100 founders | RL=true,
1800516,GA,Gen 88 -> starting Map 2/5,
1811018,GA,Gen 88 -> starting Map 3/5,
1816078,GA,Gen 88 -> starting Map 4/5,
1818693,GA,Gen 88 -> starting Map 5/5,
1819898,GA,Gen 87 | 542 agents | tournament k=2 → 100 offspring,
1819923,GA,Gen 89 started | 100 founders | RL=true,
1831687,GA,Gen 89 -> starting Map 2/5,
1837207,GA,Gen 89 -> starting Map 3/5,
1840014,GA,Gen 89 -> starting Map 4/5,
1841439,GA,Gen 89 -> starting Map 5/5,
1842559,GA,Gen 88 | 387 agents | tournament k=2 → 100 offspring,
1842581,GA,Gen 90 started | 100 founders | RL=true,
1851336,GA,Gen 90 -> starting Map 2/5,
1856024,GA,Gen 90 -> starting Map 3/5,
1858356,GA,Gen 90 -> starting Map 4/5,
1859723,GA,Gen 90 -> starting Map 5/5,
1861091,GA,Gen 89 | 282 agents | tournament k=2 → 100 offspring,
1861118,GA,Gen 91 started | 100 founders | RL=true,
1874847,GA,Gen 91 -> starting Map 2/5,
1887693,GA,Gen 91 -> starting Map 3/5,
1893488,GA,Gen 91 -> starting Map 4/5,
1896283,GA,Gen 91 -> starting Map 5/5,
1897588,GA,Gen 90 | 628 agents | tournament k=2 → 100 offspring,
1897610,GA,Gen 92 started | 100 founders | RL=true,
1909261,GA,Gen 92 -> starting Map 2/5,
1913423,GA,Gen 92 -> starting Map 3/5,
1914811,GA,Gen 92 -> starting Map 4/5,
1915823,GA,Gen 92 -> starting Map 5/5,
1916292,GA,Gen 91 | 299 agents | tournament k=2 → 100 offspring,
1916315,GA,Gen 93 started | 100 founders | RL=true,
1924666,GA,Gen 93 -> starting Map 2/5,
1932033,GA,Gen 93 -> starting Map 3/5,
1935857,GA,Gen 93 -> starting Map 4/5,
1936740,GA,Gen 93 -> starting Map 5/5,
1937261,GA,Gen 92 | 294 agents | tournament k=2 → 100 offspring,
1937287,GA,Gen 94 started | 100 founders | RL=true,
1950245,GA,Gen 94 -> starting Map 2/5,
1961620,GA,Gen 94 -> starting Map 3/5,
1968773,GA,Gen 94 -> starting Map 4/5,
1971680,GA,Gen 94 -> starting Map 5/5,
1972867,GA,Gen 93 | 605 agents | tournament k=2 → 100 offspring,
1972892,GA,Gen 95 started | 100 founders | RL=true,
1984900,GA,Gen 95 -> starting Map 2/5,
1989324,GA,Gen 95 -> starting Map 3/5,
1990712,GA,Gen 95 -> starting Map 4/5,
1991976,GA,Gen 95 -> starting Map 5/5,
1992446,GA,Gen 94 | 306 agents | tournament k=2 → 100 offspring,
1992475,GA,Gen 96 started | 100 founders | RL=true,
2001050,GA,Gen 96 -> starting Map 2/5,
2010603,GA,Gen 96 -> starting Map 3/5,
2014989,GA,Gen 96 -> starting Map 4/5,
2016277,GA,Gen 96 -> starting Map 5/5,
2016967,GA,Gen 95 | 396 agents | tournament k=2 → 100 offspring,
2016991,GA,Gen 97 started | 100 founders | RL=true,
2029754,GA,Gen 97 -> starting Map 2/5,
2039515,GA,Gen 97 -> starting Map 3/5,
2044906,GA,Gen 97 -> starting Map 4/5,
2047463,GA,Gen 97 -> starting Map 5/5,
2048847,GA,Gen 96 | 535 agents | tournament k=2 → 100 offspring,
2048870,GA,Gen 98 started | 100 founders | RL=true,
2060598,GA,Gen 98 -> starting Map 2/5,
2065558,GA,Gen 98 -> starting Map 3/5,
2068011,GA,Gen 98 -> starting Map 4/5,
2070069,GA,Gen 98 -> starting Map 5/5,
2071489,GA,Gen 97 | 379 agents | tournament k=2 → 100 offspring,
2071515,GA,Gen 99 started | 100 founders | RL=true,
2081114,GA,Gen 99 -> starting Map 2/5,
2089037,GA,Gen 99 -> starting Map 3/5,
2092840,GA,Gen 99 -> starting Map 4/5,
2094227,GA,Gen 99 -> starting Map 5/5,
2095480,GA,Gen 98 | 383 agents | tournament k=2 → 100 offspring,
2095505,GA,Gen 100 started | 100 founders | RL=true,
2109036,GA,Gen 100 -> starting Map 2/5,
2120462,GA,Gen 100 -> starting Map 3/5,
2124545,GA,Gen 100 -> starting Map 4/5,
2126567,GA,Gen 100 -> starting Map 5/5,
2261050,GA,Gen 104 | 374 agents | tournament k=2 → 100 offspring,
2261079,GA,Gen 106 started | 100 founders | RL=true,
2275121,GA,Gen 106 -> starting Map 2/5,
2290250,GA,Gen 106 -> starting Map 3/5,
2298188,GA,Gen 106 -> starting Map 4/5,
2301109,GA,Gen 106 -> starting Map 5/5,
2302472,GA,Gen 105 | 682 agents | tournament k=2 → 100 offspring,
2302497,GA,Gen 107 started | 100 founders | RL=true,
2314689,GA,Gen 107 -> starting Map 2/5,
2319209,GA,Gen 107 -> starting Map 3/5,
2320599,GA,Gen 107 -> starting Map 4/5,
2321981,GA,Gen 107 -> starting Map 5/5,
2323051,GA,Gen 106 | 319 agents | tournament k=2 → 100 offspring,
2323076,GA,Gen 108 started | 100 founders | RL=true,
2332664,GA,Gen 108 -> starting Map 2/5,
2338958,GA,Gen 108 -> starting Map 3/5,
2341680,GA,Gen 108 -> starting Map 4/5,
2343084,GA,Gen 108 -> starting Map 5/5,
2344478,GA,Gen 107 | 345 agents | tournament k=2 → 100 offspring,
2344502,GA,Gen 109 started | 100 founders | RL=true,
2359815,GA,Gen 109 -> starting Map 2/5,
2375485,GA,Gen 109 -> starting Map 3/5,
2384653,GA,Gen 109 -> starting Map 4/5,
2388560,GA,Gen 109 -> starting Map 5/5,
2389858,GA,Gen 108 | 798 agents | tournament k=2 → 100 offspring,
2389882,GA,Gen 110 started | 100 founders | RL=true,
2401676,GA,Gen 110 -> starting Map 2/5,
2406249,GA,Gen 110 -> starting Map 3/5,
2407978,GA,Gen 110 -> starting Map 4/5,
2409380,GA,Gen 110 -> starting Map 5/5,
2410551,GA,Gen 109 | 340 agents | tournament k=2 → 100 offspring,
2410575,GA,Gen 111 started | 100 founders | RL=true,
2420085,GA,Gen 111 -> starting Map 2/5,
2428185,GA,Gen 111 -> starting Map 3/5,
2432429,GA,Gen 111 -> starting Map 4/5,
2434075,GA,Gen 111 -> starting Map 5/5,
2435476,GA,Gen 110 | 421 agents | tournament k=2 → 100 offspring,
2435500,GA,Gen 112 started | 100 founders | RL=true,
2449549,GA,Gen 112 -> starting Map 2/5,
2463299,GA,Gen 112 -> starting Map 3/5,
2469077,GA,Gen 112 -> starting Map 4/5,
2471670,GA,Gen 112 -> starting Map 5/5,
2472199,GA,Gen 111 | 622 agents | tournament k=2 → 100 offspring,
2472223,GA,Gen 113 started | 100 founders | RL=true,
2484967,GA,Gen 113 -> starting Map 2/5,
2490464,GA,Gen 113 -> starting Map 3/5,
2493096,GA,Gen 113 -> starting Map 4/5,
2495207,GA,Gen 113 -> starting Map 5/5,
2496711,GA,Gen 112 | 417 agents | tournament k=2 → 100 offspring,
2496736,GA,Gen 114 started | 100 founders | RL=true,
2506350,GA,Gen 114 -> starting Map 2/5,
2514625,GA,Gen 114 -> starting Map 3/5,
2519870,GA,Gen 114 -> starting Map 4/5,
2522546,GA,Gen 114 -> starting Map 5/5,
2523955,GA,Gen 113 | 445 agents | tournament k=2 → 100 offspring,
2523981,GA,Gen 115 started | 100 founders | RL=true,
2539208,GA,Gen 115 -> starting Map 2/5,
2554630,GA,Gen 115 -> starting Map 3/5,
2562765,GA,Gen 115 -> starting Map 4/5,
2566026,GA,Gen 115 -> starting Map 5/5,
2705543,GA,Gen 119 | 424 agents | tournament k=2 → 100 offspring,
2705585,GA,Gen 121 started | 100 founders | RL=true,
2720971,GA,Gen 121 -> starting Map 2/5,
2736360,GA,Gen 121 -> starting Map 3/5,
2743589,GA,Gen 121 -> starting Map 4/5,
2746482,GA,Gen 121 -> starting Map 5/5,
2747691,GA,Gen 120 | 727 agents | tournament k=2 → 100 offspring,
2747713,GA,Gen 122 started | 100 founders | RL=true,
2759897,GA,Gen 122 -> starting Map 2/5,
2764341,GA,Gen 122 -> starting Map 3/5,
2766408,GA,Gen 122 -> starting Map 4/5,
2769291,GA,Gen 122 -> starting Map 5/5,
2770912,GA,Gen 121 | 395 agents | tournament k=2 → 100 offspring,
2770935,GA,Gen 123 started | 100 founders | RL=true,
2780387,GA,Gen 123 -> starting Map 2/5,
2788041,GA,Gen 123 -> starting Map 3/5,
2792634,GA,Gen 123 -> starting Map 4/5,
2794063,GA,Gen 123 -> starting Map 5/5,
2794967,GA,Gen 122 | 386 agents | tournament k=2 → 100 offspring,
2794994,GA,Gen 124 started | 100 founders | RL=true,
2809296,GA,Gen 124 -> starting Map 2/5,
2823810,GA,Gen 124 -> starting Map 3/5,
2832529,GA,Gen 124 -> starting Map 4/5,
2836275,GA,Gen 124 -> starting Map 5/5,
2837392,GA,Gen 123 | 726 agents | tournament k=2 → 100 offspring,
2837417,GA,Gen 125 started | 100 founders | RL=true,
2850422,GA,Gen 125 -> starting Map 2/5,
2855669,GA,Gen 125 -> starting Map 3/5,
2857222,GA,Gen 125 -> starting Map 4/5,
2858908,GA,Gen 125 -> starting Map 5/5,
2860380,GA,Gen 124 | 393 agents | tournament k=2 → 100 offspring,
2860407,GA,Gen 126 started | 100 founders | RL=true,
2870496,GA,Gen 126 -> starting Map 2/5,
2882127,GA,Gen 126 -> starting Map 3/5,
2887512,GA,Gen 126 -> starting Map 4/5,
2889013,GA,Gen 126 -> starting Map 5/5,
2890192,GA,Gen 125 | 493 agents | tournament k=2 → 100 offspring,
2890218,GA,Gen 127 started | 100 founders | RL=true,
2904400,GA,Gen 127 -> starting Map 2/5,
2918391,GA,Gen 127 -> starting Map 3/5,
2926263,GA,Gen 127 -> starting Map 4/5,
2929915,GA,Gen 127 -> starting Map 5/5,
2931060,GA,Gen 126 | 697 agents | tournament k=2 → 100 offspring,
2931086,GA,Gen 128 started | 100 founders | RL=true,
2943585,GA,Gen 128 -> starting Map 2/5,
2948703,GA,Gen 128 -> starting Map 3/5,
2950855,GA,Gen 128 -> starting Map 4/5,
2952601,GA,Gen 128 -> starting Map 5/5,
2954074,GA,Gen 127 | 389 agents | tournament k=2 → 100 offspring,
2954102,GA,Gen 129 started | 100 founders | RL=true,
2964096,GA,Gen 129 -> starting Map 2/5,
2974472,GA,Gen 129 -> starting Map 3/5,
2979973,GA,Gen 129 -> starting Map 4/5,
2981422,GA,Gen 129 -> starting Map 5/5,
2982277,GA,Gen 128 | 472 agents | tournament k=2 → 100 offspring,
2982301,GA,Gen 130 started | 100 founders | RL=true,
2995834,GA,Gen 130 -> starting Map 2/5,
3008687,GA,Gen 130 -> starting Map 3/5,
3015236,GA,Gen 130 -> starting Map 4/5,
3018226,GA,Gen 130 -> starting Map 5/5,
3019541,GA,Gen 129 | 633 agents | tournament k=2 → 100 offspring,
3019568,GA,Gen 131 started | 100 founders | RL=true,
3033672,GA,Gen 131 -> starting Map 2/5,
3040087,GA,Gen 131 -> starting Map 3/5,
3042874,GA,Gen 131 -> starting Map 4/5,
3044459,GA,Gen 131 -> starting Map 5/5,
3045507,GA,Gen 130 | 440 agents | tournament k=2 → 100 offspring,
3045533,GA,Gen 132 started | 100 founders | RL=true,
3055334,GA,Gen 132 -> starting Map 2/5,
3064871,GA,Gen 132 -> starting Map 3/5,
3070485,GA,Gen 132 -> starting Map 4/5,
3072271,GA,Gen 132 -> starting Map 5/5,
3073172,GA,Gen 131 | 464 agents | tournament k=2 → 100 offspring,
3073197,GA,Gen 133 started | 100 founders | RL=true,
3087594,GA,Gen 133 -> starting Map 2/5,
3103563,GA,Gen 133 -> starting Map 3/5,
3112253,GA,Gen 133 -> starting Map 4/5,
3115846,GA,Gen 133 -> starting Map 5/5,
3117232,GA,Gen 132 | 739 agents | tournament k=2 → 100 offspring,
3117260,GA,Gen 134 started | 100 founders | RL=true,
3129945,GA,Gen 134 -> starting Map 2/5,
3135867,GA,Gen 134 -> starting Map 3/5,
3138954,GA,Gen 134 -> starting Map 4/5,
3141610,GA,Gen 134 -> starting Map 5/5,
3143071,GA,Gen 133 | 436 agents | tournament k=2 → 100 offspring,
3143097,GA,Gen 135 started | 100 founders | RL=true,
3153434,GA,Gen 135 -> starting Map 2/5,
3164951,GA,Gen 135 -> starting Map 3/5,
3169633,GA,Gen 135 -> starting Map 4/5,
3171078,GA,Gen 135 -> starting Map 5/5,
3171731,GA,Gen 134 | 463 agents | tournament k=2 → 100 offspring,
3171765,GA,Gen 136 started | 100 founders | RL=true,
3188635,GA,Gen 136 -> starting Map 2/5,
3205434,GA,Gen 136 -> starting Map 3/5,
3214305,GA,Gen 136 -> starting Map 4/5,
3217614,GA,Gen 136 -> starting Map 5/5,
3219001,GA,Gen 135 | 765 agents | tournament k=2 → 100 offspring,
3219025,GA,Gen 137 started | 100 founders | RL=true,
3232868,GA,Gen 137 -> starting Map 2/5,
3239000,GA,Gen 137 -> starting Map 3/5,
3241601,GA,Gen 137 -> starting Map 4/5,
3243903,GA,Gen 137 -> starting Map 5/5,
3245329,GA,Gen 136 | 448 agents | tournament k=2 → 100 offspring,
3245357,GA,Gen 138 started | 100 founders | RL=true,
3254971,GA,Gen 138 -> starting Map 2/5,
3263120,GA,Gen 138 -> starting Map 3/5,
3268160,GA,Gen 138 -> starting Map 4/5,
3270488,GA,Gen 138 -> starting Map 5/5,
3271878,GA,Gen 137 | 437 agents | tournament k=2 → 100 offspring,
3271904,GA,Gen 139 started | 100 founders | RL=true,
3287546,GA,Gen 139 -> starting Map 2/5,
3304486,GA,Gen 139 -> starting Map 3/5,
3317116,GA,Gen 139 -> starting Map 4/5,
3321833,GA,Gen 139 -> starting Map 5/5,
3322709,GA,Gen 138 | 908 agents | tournament k=2 → 100 offspring,
3322734,GA,Gen 140 started | 100 founders | RL=true,
3334989,GA,Gen 140 -> starting Map 2/5,
3340021,GA,Gen 140 -> starting Map 3/5,
3341568,GA,Gen 140 -> starting Map 4/5,
3343209,GA,Gen 140 -> starting Map 5/5,
3671840,GA,Gen 149 | 489 agents | tournament k=2 → 100 offspring,
3671865,GA,Gen 151 started | 100 founders | RL=true,
3686739,GA,Gen 151 -> starting Map 2/5,
3702965,GA,Gen 151 -> starting Map 3/5,
3713368,GA,Gen 151 -> starting Map 4/5,
3717938,GA,Gen 151 -> starting Map 5/5,
3719345,GA,Gen 150 | 863 agents | tournament k=2 → 100 offspring,
3719371,GA,Gen 152 started | 100 founders | RL=true,
3731450,GA,Gen 152 -> starting Map 2/5,
3736936,GA,Gen 152 -> starting Map 3/5,
3739767,GA,Gen 152 -> starting Map 4/5,
3743143,GA,Gen 152 -> starting Map 5/5,
3745042,GA,Gen 151 | 442 agents | tournament k=2 → 100 offspring,
3745066,GA,Gen 153 started | 100 founders | RL=true,
3755331,GA,Gen 153 -> starting Map 2/5,
3767410,GA,Gen 153 -> starting Map 3/5,
3773451,GA,Gen 153 -> starting Map 4/5,
3775270,GA,Gen 153 -> starting Map 5/5,
3776667,GA,Gen 152 | 555 agents | tournament k=2 → 100 offspring,
3776692,GA,Gen 154 started | 100 founders | RL=true,
3789824,GA,Gen 154 -> starting Map 2/5,
3804641,GA,Gen 154 -> starting Map 3/5,
3817381,GA,Gen 154 -> starting Map 4/5,
3822621,GA,Gen 154 -> starting Map 5/5,
3824022,GA,Gen 153 | 846 agents | tournament k=2 → 100 offspring,
3824048,GA,Gen 155 started | 100 founders | RL=true,
3837166,GA,Gen 155 -> starting Map 2/5,
3842547,GA,Gen 155 -> starting Map 3/5,
3844462,GA,Gen 155 -> starting Map 4/5,
3846097,GA,Gen 155 -> starting Map 5/5,
3847409,GA,Gen 154 | 414 agents | tournament k=2 → 100 offspring,
3847436,GA,Gen 156 started | 100 founders | RL=true,
3857036,GA,Gen 156 -> starting Map 2/5,
3869311,GA,Gen 156 -> starting Map 3/5,
3875273,GA,Gen 156 -> starting Map 4/5,
3876704,GA,Gen 156 -> starting Map 5/5,
3877888,GA,Gen 155 | 515 agents | tournament k=2 → 100 offspring,
3877911,GA,Gen 157 started | 100 founders | RL=true,
3892381,GA,Gen 157 -> starting Map 2/5,
3906860,GA,Gen 157 -> starting Map 3/5,
3917879,GA,Gen 157 -> starting Map 4/5,
3922142,GA,Gen 157 -> starting Map 5/5,
3923501,GA,Gen 156 | 808 agents | tournament k=2 → 100 offspring,
3923523,GA,Gen 158 started | 100 founders | RL=true,
3936163,GA,Gen 158 -> starting Map 2/5,
3942090,GA,Gen 158 -> starting Map 3/5,
3946363,GA,Gen 158 -> starting Map 4/5,
3952345,GA,Gen 158 -> starting Map 5/5,
3954916,GA,Gen 157 | 544 agents | tournament k=2 → 100 offspring,
3954943,GA,Gen 159 started | 100 founders | RL=true,
3965294,GA,Gen 159 -> starting Map 2/5,
3978266,GA,Gen 159 -> starting Map 3/5,
3985215,GA,Gen 159 -> starting Map 4/5,
3988031,GA,Gen 159 -> starting Map 5/5,
3989441,GA,Gen 158 | 623 agents | tournament k=2 → 100 offspring,
3989462,GA,Gen 160 started | 100 founders | RL=true,
4003729,GA,Gen 160 -> starting Map 2/5,
4018592,GA,Gen 160 -> starting Map 3/5,
4029727,GA,Gen 160 -> starting Map 4/5,
4034928,GA,Gen 160 -> starting Map 5/5,
4036363,GA,Gen 159 | 837 agents | tournament k=2 → 100 offspring,
4036395,GA,Gen 161 started | 100 founders | RL=true,
4049669,GA,Gen 161 -> starting Map 2/5,
4056499,GA,Gen 161 -> starting Map 3/5,
4061288,GA,Gen 161 -> starting Map 4/5,
4066780,GA,Gen 161 -> starting Map 5/5,
4069424,GA,Gen 160 | 582 agents | tournament k=2 → 100 offspring,
4069447,GA,Gen 162 started | 100 founders | RL=true,
4078752,GA,Gen 162 -> starting Map 2/5,
4088964,GA,Gen 162 -> starting Map 3/5,
4094878,GA,Gen 162 -> starting Map 4/5,
4097351,GA,Gen 162 -> starting Map 5/5,
4098867,GA,Gen 161 | 517 agents | tournament k=2 → 100 offspring,
4098891,GA,Gen 163 started | 100 founders | RL=true,
4112609,GA,Gen 163 -> starting Map 2/5,
4128921,GA,Gen 163 -> starting Map 3/5,
4139872,GA,Gen 163 -> starting Map 4/5,
4144393,GA,Gen 163 -> starting Map 5/5,
4145748,GA,Gen 162 | 839 agents | tournament k=2 → 100 offspring,
4145769,GA,Gen 164 started | 100 founders | RL=true,
4157625,GA,Gen 164 -> starting Map 2/5,
4164248,GA,Gen 164 -> starting Map 3/5,
4169266,GA,Gen 164 -> starting Map 4/5,
4173686,GA,Gen 164 -> starting Map 5/5,
4175668,GA,Gen 163 | 511 agents | tournament k=2 → 100 offspring,
4175692,GA,Gen 165 started | 100 founders | RL=true,
4185863,GA,Gen 165 -> starting Map 2/5,
4197544,GA,Gen 165 -> starting Map 3/5,
4203795,GA,Gen 165 -> starting Map 4/5,
4206905,GA,Gen 165 -> starting Map 5/5,
4613161,GA,Gen 174 | 973 agents | tournament k=2 → 100 offspring,
4613189,GA,Gen 176 started | 100 founders | RL=true,
4625800,GA,Gen 176 -> starting Map 2/5,
4633460,GA,Gen 176 -> starting Map 3/5,
4639121,GA,Gen 176 -> starting Map 4/5,
4643577,GA,Gen 176 -> starting Map 5/5,
4645811,GA,Gen 175 | 565 agents | tournament k=2 → 100 offspring,
4645835,GA,Gen 177 started | 100 founders | RL=true,
4655438,GA,Gen 177 -> starting Map 2/5,
4667518,GA,Gen 177 -> starting Map 3/5,
4673382,GA,Gen 177 -> starting Map 4/5,
4676363,GA,Gen 177 -> starting Map 5/5,
4678638,GA,Gen 176 | 584 agents | tournament k=2 → 100 offspring,
4678659,GA,Gen 178 started | 100 founders | RL=true,
4692757,GA,Gen 178 -> starting Map 2/5,
4707385,GA,Gen 178 -> starting Map 3/5,
4720302,GA,Gen 178 -> starting Map 4/5,
4725909,GA,Gen 178 -> starting Map 5/5,
4727409,GA,Gen 177 | 890 agents | tournament k=2 → 100 offspring,
4727434,GA,Gen 179 started | 100 founders | RL=true,
4740760,GA,Gen 179 -> starting Map 2/5,
4749062,GA,Gen 179 -> starting Map 3/5,
4757001,GA,Gen 179 -> starting Map 4/5,
4764692,GA,Gen 179 -> starting Map 5/5,
4767766,GA,Gen 178 | 713 agents | tournament k=2 → 100 offspring,
4767790,GA,Gen 180 started | 100 founders | RL=true,
4777306,GA,Gen 180 -> starting Map 2/5,
4790243,GA,Gen 180 -> starting Map 3/5,
4797842,GA,Gen 180 -> starting Map 4/5,
4802982,GA,Gen 180 -> starting Map 5/5,
4805818,GA,Gen 179 | 680 agents | tournament k=2 → 100 offspring,
4805857,GA,Gen 181 started | 100 founders | RL=true,
4821994,GA,Gen 181 -> starting Map 2/5,
4842012,GA,Gen 181 -> starting Map 3/5,
4855011,GA,Gen 181 -> starting Map 4/5,
4860904,GA,Gen 181 -> starting Map 5/5,
4862573,GA,Gen 180 | 1041 agents | tournament k=2 → 100 offspring,
4862598,GA,Gen 182 started | 100 founders | RL=true,
4875046,GA,Gen 182 -> starting Map 2/5,
4881717,GA,Gen 182 -> starting Map 3/5,
4886524,GA,Gen 182 -> starting Map 4/5,
4891473,GA,Gen 182 -> starting Map 5/5,
4893586,GA,Gen 181 | 534 agents | tournament k=2 → 100 offspring,
4893611,GA,Gen 183 started | 100 founders | RL=true,
4903265,GA,Gen 183 -> starting Map 2/5,
4916559,GA,Gen 183 -> starting Map 3/5,
4924113,GA,Gen 183 -> starting Map 4/5,
4927856,GA,Gen 183 -> starting Map 5/5,
4929987,GA,Gen 182 | 640 agents | tournament k=2 → 100 offspring,
4930009,GA,Gen 184 started | 100 founders | RL=true,
4943612,GA,Gen 184 -> starting Map 2/5,
4960746,GA,Gen 184 -> starting Map 3/5,
4976476,GA,Gen 184 -> starting Map 4/5,
4981980,GA,Gen 184 -> starting Map 5/5,
4983386,GA,Gen 183 | 956 agents | tournament k=2 → 100 offspring,
4983410,GA,Gen 185 started | 100 founders | RL=true,
4996257,GA,Gen 185 -> starting Map 2/5,
5003170,GA,Gen 185 -> starting Map 3/5,
5008439,GA,Gen 185 -> starting Map 4/5,
5015604,GA,Gen 185 -> starting Map 5/5,
5238062,GA,Gen 189 | 984 agents | tournament k=2 → 100 offspring,
5238088,GA,Gen 191 started | 100 founders | RL=true,
5251352,GA,Gen 191 -> starting Map 2/5,
5259337,GA,Gen 191 -> starting Map 3/5,
5266724,GA,Gen 191 -> starting Map 4/5,
5275386,GA,Gen 191 -> starting Map 5/5,
5278851,GA,Gen 190 | 721 agents | tournament k=2 → 100 offspring,
5278877,GA,Gen 192 started | 100 founders | RL=true,
5288950,GA,Gen 192 -> starting Map 2/5,
5303661,GA,Gen 192 -> starting Map 3/5,
5310253,GA,Gen 192 -> starting Map 4/5,
5312935,GA,Gen 192 -> starting Map 5/5,
5314349,GA,Gen 191 | 632 agents | tournament k=2 → 100 offspring,
5314376,GA,Gen 193 started | 100 founders | RL=true,
5329209,GA,Gen 193 -> starting Map 2/5,
5349539,GA,Gen 193 -> starting Map 3/5,
5365448,GA,Gen 193 -> starting Map 4/5,
5371448,GA,Gen 193 -> starting Map 5/5,
5372874,GA,Gen 192 | 1065 agents | tournament k=2 → 100 offspring,
5372899,GA,Gen 194 started | 100 founders | RL=true,
5384775,GA,Gen 194 -> starting Map 2/5,
5391314,GA,Gen 194 -> starting Map 3/5,
5397426,GA,Gen 194 -> starting Map 4/5,
5403866,GA,Gen 194 -> starting Map 5/5,
5406366,GA,Gen 193 | 573 agents | tournament k=2 → 100 offspring,
5406391,GA,Gen 195 started | 100 founders | RL=true,
5416822,GA,Gen 195 -> starting Map 2/5,
5430232,GA,Gen 195 -> starting Map 3/5,
5438369,GA,Gen 195 -> starting Map 4/5,
5443640,GA,Gen 195 -> starting Map 5/5,
5445907,GA,Gen 194 | 702 agents | tournament k=2 → 100 offspring,
5445934,GA,Gen 196 started | 100 founders | RL=true,
5460552,GA,Gen 196 -> starting Map 2/5,
5481490,GA,Gen 196 -> starting Map 3/5,
5497577,GA,Gen 196 -> starting Map 4/5,
5503262,GA,Gen 196 -> starting Map 5/5,
5504692,GA,Gen 195 | 1085 agents | tournament k=2 → 100 offspring,
5504716,GA,Gen 197 started | 100 founders | RL=true,
5517124,GA,Gen 197 -> starting Map 2/5,
5524547,GA,Gen 197 -> starting Map 3/5,
5529744,GA,Gen 197 -> starting Map 4/5,
5536282,GA,Gen 197 -> starting Map 5/5,
5539816,GA,Gen 196 | 610 agents | tournament k=2 → 100 offspring,
5539841,GA,Gen 198 started | 100 founders | RL=true,
5549397,GA,Gen 198 -> starting Map 2/5,
5561512,GA,Gen 198 -> starting Map 3/5,
5568839,GA,Gen 198 -> starting Map 4/5,
5574090,GA,Gen 198 -> starting Map 5/5,
5578162,GA,Gen 197 | 675 agents | tournament k=2 → 100 offspring,
5578188,GA,Gen 199 started | 100 founders | RL=true,
5593364,GA,Gen 199 -> starting Map 2/5,
5614103,GA,Gen 199 -> starting Map 3/5,
5632485,GA,Gen 199 -> starting Map 4/5,
5638043,GA,Gen 199 -> starting Map 5/5,
5639450,GA,Gen 198 | 1146 agents | tournament k=2 → 100 offspring,
5639474,GA,Gen 200 started | 100 founders | RL=true,
5652431,GA,Gen 200 -> starting Map 2/5,
5659021,GA,Gen 200 -> starting Map 3/5,
5663764,GA,Gen 200 -> starting Map 4/5,
5671268,GA,Gen 200 -> starting Map 5/5,
5897883,GA,Gen 204 | 1099 agents | tournament k=2 → 100 offspring,
5897908,GA,Gen 206 started | 100 founders | RL=true,
5910910,GA,Gen 206 -> starting Map 2/5,
5918769,GA,Gen 206 -> starting Map 3/5,
5926216,GA,Gen 206 -> starting Map 4/5,
5935597,GA,Gen 206 -> starting Map 5/5,
5938889,GA,Gen 205 | 717 agents | tournament k=2 → 100 offspring,
5938913,GA,Gen 207 started | 100 founders | RL=true,
5948892,GA,Gen 207 -> starting Map 2/5,
5961672,GA,Gen 207 -> starting Map 3/5,
5968742,GA,Gen 207 -> starting Map 4/5,
5972406,GA,Gen 207 -> starting Map 5/5,
5975702,GA,Gen 206 | 653 agents | tournament k=2 → 100 offspring,
5975728,GA,Gen 208 started | 100 founders | RL=true,
5989684,GA,Gen 208 -> starting Map 2/5,
6005604,GA,Gen 208 -> starting Map 3/5,
6020080,GA,Gen 208 -> starting Map 4/5,
6026176,GA,Gen 208 -> starting Map 5/5,
6027640,GA,Gen 207 | 951 agents | tournament k=2 → 100 offspring,
6027667,GA,Gen 209 started | 100 founders | RL=true,
6040387,GA,Gen 209 -> starting Map 2/5,
6049052,GA,Gen 209 -> starting Map 3/5,
6060047,GA,Gen 209 -> starting Map 4/5,
6070627,GA,Gen 209 -> starting Map 5/5,
6073935,GA,Gen 208 | 831 agents | tournament k=2 → 100 offspring,
6073959,GA,Gen 210 started | 100 founders | RL=true,
6083061,GA,Gen 210 -> starting Map 2/5,
6096469,GA,Gen 210 -> starting Map 3/5,
6104050,GA,Gen 210 -> starting Map 4/5,
6109012,GA,Gen 210 -> starting Map 5/5,
6112498,GA,Gen 209 | 688 agents | tournament k=2 → 100 offspring,
6112527,GA,Gen 211 started | 100 founders | RL=true,
6128514,GA,Gen 211 -> starting Map 2/5,
6146585,GA,Gen 211 -> starting Map 3/5,
6161476,GA,Gen 211 -> starting Map 4/5,
6167391,GA,Gen 211 -> starting Map 5/5,
6169027,GA,Gen 210 | 1046 agents | tournament k=2 → 100 offspring,
6169051,GA,Gen 212 started | 100 founders | RL=true,
6181967,GA,Gen 212 -> starting Map 2/5,
6189507,GA,Gen 212 -> starting Map 3/5,
6197190,GA,Gen 212 -> starting Map 4/5,
6205621,GA,Gen 212 -> starting Map 5/5,
6208565,GA,Gen 211 | 689 agents | tournament k=2 → 100 offspring,
6208589,GA,Gen 213 started | 100 founders | RL=true,
6217457,GA,Gen 213 -> starting Map 2/5,
6231467,GA,Gen 213 -> starting Map 3/5,
6238881,GA,Gen 213 -> starting Map 4/5,
6242406,GA,Gen 213 -> starting Map 5/5,
6244876,GA,Gen 212 | 645 agents | tournament k=2 → 100 offspring,
6244901,GA,Gen 214 started | 100 founders | RL=true,
6259009,GA,Gen 214 -> starting Map 2/5,
6277221,GA,Gen 214 -> starting Map 3/5,
6291829,GA,Gen 214 -> starting Map 4/5,
6297048,GA,Gen 214 -> starting Map 5/5,
6298466,GA,Gen 213 | 983 agents | tournament k=2 → 100 offspring,
6298491,GA,Gen 215 started | 100 founders | RL=true,
6312402,GA,Gen 215 -> starting Map 2/5,
6320302,GA,Gen 215 -> starting Map 3/5,
6326028,GA,Gen 215 -> starting Map 4/5,
6332263,GA,Gen 215 -> starting Map 5/5,
6752458,GA,Gen 224 | 601 agents | tournament k=2 → 100 offspring,
6752489,GA,Gen 226 started | 100 founders | RL=true,
6767007,GA,Gen 226 -> starting Map 2/5,
6786127,GA,Gen 226 -> starting Map 3/5,
6801208,GA,Gen 226 -> starting Map 4/5,
6807120,GA,Gen 226 -> starting Map 5/5,
6808582,GA,Gen 225 | 1028 agents | tournament k=2 → 100 offspring,
6808606,GA,Gen 227 started | 100 founders | RL=true,
6821580,GA,Gen 227 -> starting Map 2/5,
6828673,GA,Gen 227 -> starting Map 3/5,
6832773,GA,Gen 227 -> starting Map 4/5,
6839433,GA,Gen 227 -> starting Map 5/5,
6842991,GA,Gen 226 | 602 agents | tournament k=2 → 100 offspring,
6843016,GA,Gen 228 started | 100 founders | RL=true,
6852660,GA,Gen 228 -> starting Map 2/5,
6863702,GA,Gen 228 -> starting Map 3/5,
6869733,GA,Gen 228 -> starting Map 4/5,
6873997,GA,Gen 228 -> starting Map 5/5,
6876781,GA,Gen 227 | 602 agents | tournament k=2 → 100 offspring,
6876804,GA,Gen 229 started | 100 founders | RL=true,
6890714,GA,Gen 229 -> starting Map 2/5,
6909395,GA,Gen 229 -> starting Map 3/5,
6926853,GA,Gen 229 -> starting Map 4/5,
6933244,GA,Gen 229 -> starting Map 5/5,
6934700,GA,Gen 228 | 1077 agents | tournament k=2 → 100 offspring,
6934724,GA,Gen 230 started | 100 founders | RL=true,
6946041,GA,Gen 230 -> starting Map 2/5,
6952186,GA,Gen 230 -> starting Map 3/5,
6958850,GA,Gen 230 -> starting Map 4/5,
6966388,GA,Gen 230 -> starting Map 5/5,
6969413,GA,Gen 229 | 611 agents | tournament k=2 → 100 offspring,
6969437,GA,Gen 231 started | 100 founders | RL=true,
6979479,GA,Gen 231 -> starting Map 2/5,
6995761,GA,Gen 231 -> starting Map 3/5,
7002683,GA,Gen 231 -> starting Map 4/5,
7005587,GA,Gen 231 -> starting Map 5/5,
7008569,GA,Gen 230 | 718 agents | tournament k=2 → 100 offspring,
7008589,GA,Gen 232 started | 100 founders | RL=true,
7022775,GA,Gen 232 -> starting Map 2/5,
7040799,GA,Gen 232 -> starting Map 3/5,
7054963,GA,Gen 232 -> starting Map 4/5,
7059639,GA,Gen 232 -> starting Map 5/5,
7061049,GA,Gen 231 | 956 agents | tournament k=2 → 100 offspring,
7061074,GA,Gen 233 started | 100 founders | RL=true,
7073912,GA,Gen 233 -> starting Map 2/5,
7081312,GA,Gen 233 -> starting Map 3/5,
7088849,GA,Gen 233 -> starting Map 4/5,
7098154,GA,Gen 233 -> starting Map 5/5,
7101522,GA,Gen 232 | 713 agents | tournament k=2 → 100 offspring,
7101547,GA,Gen 234 started | 100 founders | RL=true,
7111208,GA,Gen 234 -> starting Map 2/5,
7126157,GA,Gen 234 -> starting Map 3/5,
7134380,GA,Gen 234 -> starting Map 4/5,
7138201,GA,Gen 234 -> starting Map 5/5,
7140303,GA,Gen 233 | 705 agents | tournament k=2 → 100 offspring,
7140328,GA,Gen 235 started | 100 founders | RL=true,
7155117,GA,Gen 235 -> starting Map 2/5,
7173114,GA,Gen 235 -> starting Map 3/5,
7187981,GA,Gen 235 -> starting Map 4/5,
7192896,GA,Gen 235 -> starting Map 5/5,
7400160,GA,Gen 239 | 743 agents | tournament k=2 → 100 offspring,
7400190,GA,Gen 241 started | 100 founders | RL=true,
7414608,GA,Gen 241 -> starting Map 2/5,
7433815,GA,Gen 241 -> starting Map 3/5,
7449699,GA,Gen 241 -> starting Map 4/5,
7455723,GA,Gen 241 -> starting Map 5/5,
7458370,GA,Gen 240 | 1095 agents | tournament k=2 → 100 offspring,
7458391,GA,Gen 242 started | 100 founders | RL=true,
7470469,GA,Gen 242 -> starting Map 2/5,
7477791,GA,Gen 242 -> starting Map 3/5,
7484514,GA,Gen 242 -> starting Map 4/5,
7491542,GA,Gen 242 -> starting Map 5/5,
7494178,GA,Gen 241 | 624 agents | tournament k=2 → 100 offspring,
7494201,GA,Gen 243 started | 100 founders | RL=true,
7503930,GA,Gen 243 -> starting Map 2/5,
7520280,GA,Gen 243 -> starting Map 3/5,
7528139,GA,Gen 243 -> starting Map 4/5,
7532168,GA,Gen 243 -> starting Map 5/5,
7534779,GA,Gen 242 | 739 agents | tournament k=2 → 100 offspring,
7534805,GA,Gen 244 started | 100 founders | RL=true,
7548818,GA,Gen 244 -> starting Map 2/5,
7568044,GA,Gen 244 -> starting Map 3/5,
7584433,GA,Gen 244 -> starting Map 4/5,
7590459,GA,Gen 244 -> starting Map 5/5,
7592183,GA,Gen 243 | 1070 agents | tournament k=2 → 100 offspring,
7592209,GA,Gen 245 started | 100 founders | RL=true,
7605310,GA,Gen 245 -> starting Map 2/5,
7612788,GA,Gen 245 -> starting Map 3/5,
7618665,GA,Gen 245 -> starting Map 4/5,
7626490,GA,Gen 245 -> starting Map 5/5,
7629411,GA,Gen 244 | 650 agents | tournament k=2 → 100 offspring,
7629436,GA,Gen 246 started | 100 founders | RL=true,
7639287,GA,Gen 246 -> starting Map 2/5,
7655558,GA,Gen 246 -> starting Map 3/5,
7664273,GA,Gen 246 -> starting Map 4/5,
7669204,GA,Gen 246 -> starting Map 5/5,
7672650,GA,Gen 245 | 783 agents | tournament k=2 → 100 offspring,
7672669,GA,Gen 247 started | 100 founders | RL=true,
7687109,GA,Gen 247 -> starting Map 2/5,
7703918,GA,Gen 247 -> starting Map 3/5,
7718389,GA,Gen 247 -> starting Map 4/5,
7724676,GA,Gen 247 -> starting Map 5/5,
7726407,GA,Gen 246 | 982 agents | tournament k=2 → 100 offspring,
7726428,GA,Gen 248 started | 100 founders | RL=true,
7739407,GA,Gen 248 -> starting Map 2/5,
7746196,GA,Gen 248 -> starting Map 3/5,
7752999,GA,Gen 248 -> starting Map 4/5,
7763297,GA,Gen 248 -> starting Map 5/5,
7766708,GA,Gen 247 | 712 agents | tournament k=2 → 100 offspring,
7766736,GA,Gen 249 started | 100 founders | RL=true,
7777579,GA,Gen 249 -> starting Map 2/5,
7795835,GA,Gen 249 -> starting Map 3/5,
7805419,GA,Gen 249 -> starting Map 4/5,
7811536,GA,Gen 249 -> starting Map 5/5,
7814710,GA,Gen 248 | 874 agents | tournament k=2 → 100 offspring,
7814732,GA,Gen 250 started | 100 founders | RL=true,
7828354,GA,Gen 250 -> starting Map 2/5,
7846709,GA,Gen 250 -> starting Map 3/5,
7863358,GA,Gen 250 -> starting Map 4/5,
7869238,GA,Gen 250 -> starting Map 5/5,
7871291,GA,Gen 249 | 1031 agents | tournament k=2 → 100 offspring,
7871314,GA,Gen 251 started | 100 founders | RL=true,
7884906,GA,Gen 251 -> starting Map 2/5,
7893002,GA,Gen 251 -> starting Map 3/5,
7901315,GA,Gen 251 -> starting Map 4/5,
7911902,GA,Gen 251 -> starting Map 5/5,
7915768,GA,Gen 250 | 796 agents | tournament k=2 → 100 offspring,
7915792,GA,Gen 252 started | 100 founders | RL=true,
7925783,GA,Gen 252 -> starting Map 2/5,
7941091,GA,Gen 252 -> starting Map 3/5,
7949211,GA,Gen 252 -> starting Map 4/5,
7954302,GA,Gen 252 -> starting Map 5/5,
7957631,GA,Gen 251 | 747 agents | tournament k=2 → 100 offspring,
7957652,GA,Gen 253 started | 100 founders | RL=true,
7972310,GA,Gen 253 -> starting Map 2/5,
7991899,GA,Gen 253 -> starting Map 3/5,
8007933,GA,Gen 253 -> starting Map 4/5,
8014041,GA,Gen 253 -> starting Map 5/5,
8015574,GA,Gen 252 | 1062 agents | tournament k=2 → 100 offspring,
8015599,GA,Gen 254 started | 100 founders | RL=true,
8028211,GA,Gen 254 -> starting Map 2/5,
8035984,GA,Gen 254 -> starting Map 3/5,
8044947,GA,Gen 254 -> starting Map 4/5,
8054621,GA,Gen 254 -> starting Map 5/5,
8057761,GA,Gen 253 | 748 agents | tournament k=2 → 100 offspring,
8057786,GA,Gen 255 started | 100 founders | RL=true,
8067650,GA,Gen 255 -> starting Map 2/5,
8083907,GA,Gen 255 -> starting Map 3/5,
8092022,GA,Gen 255 -> starting Map 4/5,
8097155,GA,Gen 255 -> starting Map 5/5,
8100156,GA,Gen 254 | 767 agents | tournament k=2 → 100 offspring,
8100185,GA,Gen 256 started | 100 founders | RL=true,
8115184,GA,Gen 256 -> starting Map 2/5,
8135893,GA,Gen 256 -> starting Map 3/5,
8151701,GA,Gen 256 -> starting Map 4/5,
8156677,GA,Gen 256 -> starting Map 5/5,
8158109,GA,Gen 255 | 1066 agents | tournament k=2 → 100 offspring,
8158130,GA,Gen 257 started | 100 founders | RL=true,
8170800,GA,Gen 257 -> starting Map 2/5,
8178772,GA,Gen 257 -> starting Map 3/5,
8186931,GA,Gen 257 -> starting Map 4/5,
8197355,GA,Gen 257 -> starting Map 5/5,
8200978,GA,Gen 256 | 751 agents | tournament k=2 → 100 offspring,
8201001,GA,Gen 258 started | 100 founders | RL=true,
8211078,GA,Gen 258 -> starting Map 2/5,
8226869,GA,Gen 258 -> starting Map 3/5,
8234876,GA,Gen 258 -> starting Map 4/5,
8241233,GA,Gen 258 -> starting Map 5/5,
8245561,GA,Gen 257 | 800 agents | tournament k=2 → 100 offspring,
8245587,GA,Gen 259 started | 100 founders | RL=true,
8261399,GA,Gen 259 -> starting Map 2/5,
8283902,GA,Gen 259 -> starting Map 3/5,
8303217,GA,Gen 259 -> starting Map 4/5,
8310361,GA,Gen 259 -> starting Map 5/5,
8311954,GA,Gen 258 | 1252 agents | tournament k=2 → 100 offspring,
8311979,GA,Gen 260 started | 100 founders | RL=true,
8324703,GA,Gen 260 -> starting Map 2/5,
8331590,GA,Gen 260 -> starting Map 3/5,
8339858,GA,Gen 260 -> starting Map 4/5,
8350318,GA,Gen 260 -> starting Map 5/5,
8353870,GA,Gen 259 | 756 agents | tournament k=2 → 100 offspring,
8353898,GA,Gen 261 started | 100 founders | RL=true,
8364530,GA,Gen 261 -> starting Map 2/5,
8381573,GA,Gen 261 -> starting Map 3/5,
8389664,GA,Gen 261 -> starting Map 4/5,
8395314,GA,Gen 261 -> starting Map 5/5,
8400916,GA,Gen 260 | 856 agents | tournament k=2 → 100 offspring,
8400935,GA,Gen 262 started | 100 founders | RL=true,
8415381,GA,Gen 262 -> starting Map 2/5,
8435233,GA,Gen 262 -> starting Map 3/5,
8450341,GA,Gen 262 -> starting Map 4/5,
8455581,GA,Gen 262 -> starting Map 5/5,
8457270,GA,Gen 261 | 1034 agents | tournament k=2 → 100 offspring,
8457296,GA,Gen 263 started | 100 founders | RL=true,
8469880,GA,Gen 263 -> starting Map 2/5,
8477831,GA,Gen 263 -> starting Map 3/5,
8486912,GA,Gen 263 -> starting Map 4/5,
8497158,GA,Gen 263 -> starting Map 5/5,
8500634,GA,Gen 262 | 764 agents | tournament k=2 → 100 offspring,
8500658,GA,Gen 264 started | 100 founders | RL=true,
8510059,GA,Gen 264 -> starting Map 2/5,
8527341,GA,Gen 264 -> starting Map 3/5,
8535846,GA,Gen 264 -> starting Map 4/5,
8540505,GA,Gen 264 -> starting Map 5/5,
8545762,GA,Gen 263 | 834 agents | tournament k=2 → 100 offspring,
8545786,GA,Gen 265 started | 100 founders | RL=true,
8561726,GA,Gen 265 -> starting Map 2/5,
8583457,GA,Gen 265 -> starting Map 3/5,
8602269,GA,Gen 265 -> starting Map 4/5,
8608736,GA,Gen 265 -> starting Map 5/5,
8610428,GA,Gen 264 | 1205 agents | tournament k=2 → 100 offspring,
8610452,GA,Gen 266 started | 100 founders | RL=true,
8624500,GA,Gen 266 -> starting Map 2/5,
8634032,GA,Gen 266 -> starting Map 3/5,
8646276,GA,Gen 266 -> starting Map 4/5,
8658448,GA,Gen 266 -> starting Map 5/5,
8662360,GA,Gen 265 | 926 agents | tournament k=2 → 100 offspring,
8662384,GA,Gen 267 started | 100 founders | RL=true,
8672568,GA,Gen 267 -> starting Map 2/5,
8686654,GA,Gen 267 -> starting Map 3/5,
8695446,GA,Gen 267 -> starting Map 4/5,
8702402,GA,Gen 267 -> starting Map 5/5,
8707259,GA,Gen 266 | 803 agents | tournament k=2 → 100 offspring,
8707280,GA,Gen 268 started | 100 founders | RL=true,
8721422,GA,Gen 268 -> starting Map 2/5,
8740081,GA,Gen 268 -> starting Map 3/5,
8758436,GA,Gen 268 -> starting Map 4/5,
8765524,GA,Gen 268 -> starting Map 5/5,
8767503,GA,Gen 267 | 1123 agents | tournament k=2 → 100 offspring,
8767531,GA,Gen 269 started | 100 founders | RL=true,
8780749,GA,Gen 269 -> starting Map 2/5,
8790614,GA,Gen 269 -> starting Map 3/5,
8803554,GA,Gen 269 -> starting Map 4/5,
8816825,GA,Gen 269 -> starting Map 5/5,
8820528,GA,Gen 268 | 962 agents | tournament k=2 → 100 offspring,
8820553,GA,Gen 270 started | 100 founders | RL=true,
8830327,GA,Gen 270 -> starting Map 2/5,
8846995,GA,Gen 270 -> starting Map 3/5,
8855428,GA,Gen 270 -> starting Map 4/5,
8861366,GA,Gen 270 -> starting Map 5/5,
8866835,GA,Gen 269 | 836 agents | tournament k=2 → 100 offspring,
8866863,GA,Gen 271 started | 100 founders | RL=true,
8884352,GA,Gen 271 -> starting Map 2/5,
8905966,GA,Gen 271 -> starting Map 3/5,
8923430,GA,Gen 271 -> starting Map 4/5,
8930540,GA,Gen 271 -> starting Map 5/5,
8932266,GA,Gen 270 | 1231 agents | tournament k=2 → 100 offspring,
8932287,GA,Gen 272 started | 100 founders | RL=true,
8944980,GA,Gen 272 -> starting Map 2/5,
8952328,GA,Gen 272 -> starting Map 3/5,
8960586,GA,Gen 272 -> starting Map 4/5,
8969598,GA,Gen 272 -> starting Map 5/5,
8972657,GA,Gen 271 | 710 agents | tournament k=2 → 100 offspring,
8972684,GA,Gen 273 started | 100 founders | RL=true,
8982684,GA,Gen 273 -> starting Map 2/5,
8999489,GA,Gen 273 -> starting Map 3/5,
9007691,GA,Gen 273 -> starting Map 4/5,
9012396,GA,Gen 273 -> starting Map 5/5,
9017382,GA,Gen 272 | 810 agents | tournament k=2 → 100 offspring,
9017412,GA,Gen 274 started | 100 founders | RL=true,
9032146,GA,Gen 274 -> starting Map 2/5,
9052954,GA,Gen 274 -> starting Map 3/5,
9070911,GA,Gen 274 -> starting Map 4/5,
9077050,GA,Gen 274 -> starting Map 5/5,
9078463,GA,Gen 273 | 1131 agents | tournament k=2 → 100 offspring,
9078488,GA,Gen 275 started | 100 founders | RL=true,
9092402,GA,Gen 275 -> starting Map 2/5,
9100782,GA,Gen 275 -> starting Map 3/5,
9109294,GA,Gen 275 -> starting Map 4/5,
9119639,GA,Gen 275 -> starting Map 5/5,
9122918,GA,Gen 274 | 784 agents | tournament k=2 → 100 offspring,
9122943,GA,Gen 276 started | 100 founders | RL=true,
9132819,GA,Gen 276 -> starting Map 2/5,
9150325,GA,Gen 276 -> starting Map 3/5,
9159361,GA,Gen 276 -> starting Map 4/5,
9165331,GA,Gen 276 -> starting Map 5/5,
9170989,GA,Gen 275 | 871 agents | tournament k=2 → 100 offspring,
9171011,GA,Gen 277 started | 100 founders | RL=true,
9185028,GA,Gen 277 -> starting Map 2/5,
9203989,GA,Gen 277 -> starting Map 3/5,
9222034,GA,Gen 277 -> starting Map 4/5,
9228821,GA,Gen 277 -> starting Map 5/5,
9231190,GA,Gen 276 | 1102 agents | tournament k=2 → 100 offspring,
9231211,GA,Gen 278 started | 100 founders | RL=true,
9244164,GA,Gen 278 -> starting Map 2/5,
9252270,GA,Gen 278 -> starting Map 3/5,
9260841,GA,Gen 278 -> starting Map 4/5,
9272179,GA,Gen 278 -> starting Map 5/5,
9275934,GA,Gen 277 | 789 agents | tournament k=2 → 100 offspring,
9275961,GA,Gen 279 started | 100 founders | RL=true,
9286386,GA,Gen 279 -> starting Map 2/5,
9306725,GA,Gen 279 -> starting Map 3/5,
9317504,GA,Gen 279 -> starting Map 4/5,
9324903,GA,Gen 279 -> starting Map 5/5,
9329329,GA,Gen 278 | 989 agents | tournament k=2 → 100 offspring,
9329351,GA,Gen 280 started | 100 founders | RL=true,
9343089,GA,Gen 280 -> starting Map 2/5,
9362449,GA,Gen 280 -> starting Map 3/5,
9380949,GA,Gen 280 -> starting Map 4/5,
9388270,GA,Gen 280 -> starting Map 5/5,
9391046,GA,Gen 279 | 1145 agents | tournament k=2 → 100 offspring,
9391070,GA,Gen 281 started | 100 founders | RL=true,
9405325,GA,Gen 281 -> starting Map 2/5,
9414823,GA,Gen 281 -> starting Map 3/5,
9423757,GA,Gen 281 -> starting Map 4/5,
9436691,GA,Gen 281 -> starting Map 5/5,
9441178,GA,Gen 280 | 895 agents | tournament k=2 → 100 offspring,
9441203,GA,Gen 282 started | 100 founders | RL=true,
9451287,GA,Gen 282 -> starting Map 2/5,
9468824,GA,Gen 282 -> starting Map 3/5,
9477668,GA,Gen 282 -> starting Map 4/5,
9483008,GA,Gen 282 -> starting Map 5/5,
9487534,GA,Gen 281 | 840 agents | tournament k=2 → 100 offspring,
9487559,GA,Gen 283 started | 100 founders | RL=true,
9502188,GA,Gen 283 -> starting Map 2/5,
9523303,GA,Gen 283 -> starting Map 3/5,
9542628,GA,Gen 283 -> starting Map 4/5,
9548831,GA,Gen 283 -> starting Map 5/5,
9550589,GA,Gen 282 | 1172 agents | tournament k=2 → 100 offspring,
9550613,GA,Gen 284 started | 100 founders | RL=true,
9564046,GA,Gen 284 -> starting Map 2/5,
9572419,GA,Gen 284 -> starting Map 3/5,
9583303,GA,Gen 284 -> starting Map 4/5,
9593740,GA,Gen 284 -> starting Map 5/5,
9597358,GA,Gen 283 | 831 agents | tournament k=2 → 100 offspring,
9597384,GA,Gen 285 started | 100 founders | RL=true,
9607620,GA,Gen 285 -> starting Map 2/5,
9624338,GA,Gen 285 -> starting Map 3/5,
9633029,GA,Gen 285 -> starting Map 4/5,
9638596,GA,Gen 285 -> starting Map 5/5,
9642560,GA,Gen 284 | 808 agents | tournament k=2 → 100 offspring,
9642587,GA,Gen 286 started | 100 founders | RL=true,
9657430,GA,Gen 286 -> starting Map 2/5,
9679847,GA,Gen 286 -> starting Map 3/5,
9697301,GA,Gen 286 -> starting Map 4/5,
9703510,GA,Gen 286 -> starting Map 5/5,
9705997,GA,Gen 285 | 1172 agents | tournament k=2 → 100 offspring,
9706022,GA,Gen 287 started | 100 founders | RL=true,
9718613,GA,Gen 287 -> starting Map 2/5,
9725811,GA,Gen 287 -> starting Map 3/5,
9734774,GA,Gen 287 -> starting Map 4/5,
9746807,GA,Gen 287 -> starting Map 5/5,
9751155,GA,Gen 286 | 795 agents | tournament k=2 → 100 offspring,
9751179,GA,Gen 288 started | 100 founders | RL=true,
9760969,GA,Gen 288 -> starting Map 2/5,
9777055,GA,Gen 288 -> starting Map 3/5,
9785774,GA,Gen 288 -> starting Map 4/5,
9792792,GA,Gen 288 -> starting Map 5/5,
9797853,GA,Gen 287 | 839 agents | tournament k=2 → 100 offspring,
9797878,GA,Gen 289 started | 100 founders | RL=true,
9813800,GA,Gen 289 -> starting Map 2/5,
9837510,GA,Gen 289 -> starting Map 3/5,
9858717,GA,Gen 289 -> starting Map 4/5,
9865603,GA,Gen 289 -> starting Map 5/5,
9867451,GA,Gen 288 | 1307 agents | tournament k=2 → 100 offspring,
9867478,GA,Gen 290 started | 100 founders | RL=true,
9880268,GA,Gen 290 -> starting Map 2/5,
9888155,GA,Gen 290 -> starting Map 3/5,
9897616,GA,Gen 290 -> starting Map 4/5,
9910171,GA,Gen 290 -> starting Map 5/5,
9913784,GA,Gen 289 | 818 agents | tournament k=2 → 100 offspring,
9913811,GA,Gen 291 started | 100 founders | RL=true,
9924250,GA,Gen 291 -> starting Map 2/5,
9942861,GA,Gen 291 -> starting Map 3/5,
9950684,GA,Gen 291 -> starting Map 4/5,
9956154,GA,Gen 291 -> starting Map 5/5,
9961748,GA,Gen 290 | 870 agents | tournament k=2 → 100 offspring,
9961770,GA,Gen 292 started | 100 founders | RL=true,
9976422,GA,Gen 292 -> starting Map 2/5,
9997460,GA,Gen 292 -> starting Map 3/5,
10014645,GA,Gen 292 -> starting Map 4/5,
10020303,GA,Gen 292 -> starting Map 5/5,
10021711,GA,Gen 291 | 1084 agents | tournament k=2 → 100 offspring,
10021736,GA,Gen 293 started | 100 founders | RL=true,
10034570,GA,Gen 293 -> starting Map 2/5,
10043163,GA,Gen 293 -> starting Map 3/5,
10053152,GA,Gen 293 -> starting Map 4/5,
10064792,GA,Gen 293 -> starting Map 5/5,
10068484,GA,Gen 292 | 832 agents | tournament k=2 → 100 offspring,
10068507,GA,Gen 294 started | 100 founders | RL=true,
10078009,GA,Gen 294 -> starting Map 2/5,
10094894,GA,Gen 294 -> starting Map 3/5,
10104199,GA,Gen 294 -> starting Map 4/5,
10110265,GA,Gen 294 -> starting Map 5/5,
10116111,GA,Gen 293 | 869 agents | tournament k=2 → 100 offspring,
10116132,GA,Gen 295 started | 100 founders | RL=true,
10132082,GA,Gen 295 -> starting Map 2/5,
10153495,GA,Gen 295 -> starting Map 3/5,
10171731,GA,Gen 295 -> starting Map 4/5,
10178139,GA,Gen 295 -> starting Map 5/5,
10179581,GA,Gen 294 | 1170 agents | tournament k=2 → 100 offspring,
10179608,GA,Gen 296 started | 100 founders | RL=true,
10192908,GA,Gen 296 -> starting Map 2/5,
10201775,GA,Gen 296 -> starting Map 3/5,
10211892,GA,Gen 296 -> starting Map 4/5,
10224379,GA,Gen 296 -> starting Map 5/5,
10229183,GA,Gen 295 | 876 agents | tournament k=2 → 100 offspring,
10229204,GA,Gen 297 started | 100 founders | RL=true,
10239554,GA,Gen 297 -> starting Map 2/5,
10254866,GA,Gen 297 -> starting Map 3/5,
10263632,GA,Gen 297 -> starting Map 4/5,
10271959,GA,Gen 297 -> starting Map 5/5,
10278766,GA,Gen 296 | 897 agents | tournament k=2 → 100 offspring,
10278791,GA,Gen 298 started | 100 founders | RL=true,
10294106,GA,Gen 298 -> starting Map 2/5,
10313708,GA,Gen 298 -> starting Map 3/5,
10332284,GA,Gen 298 -> starting Map 4/5,
10339659,GA,Gen 298 -> starting Map 5/5,
10342769,GA,Gen 297 | 1187 agents | tournament k=2 → 100 offspring,
10342795,GA,Gen 299 started | 100 founders | RL=true,
10355164,GA,Gen 299 -> starting Map 2/5,
10364736,GA,Gen 299 -> starting Map 3/5,
10378489,GA,Gen 299 -> starting Map 4/5,
10393257,GA,Gen 299 -> starting Map 5/5,
10396820,GA,Gen 298 | 970 agents | tournament k=2 → 100 offspring,
10396845,GA,Gen 300 started | 100 founders | RL=true,
10406508,GA,Gen 300 -> starting Map 2/5,
10423962,GA,Gen 300 -> starting Map 3/5,
10433373,GA,Gen 300 -> starting Map 4/5,
10440948,GA,Gen 300 -> starting Map 5/5,
10448709,GA,Gen 299 | 952 agents | tournament k=2 → 100 offspring,
10448730,GA,Gen 301 started | 100 founders | RL=true,
10464534,GA,Gen 301 -> starting Map 2/5,
10486690,GA,Gen 301 -> starting Map 3/5,
10504649,GA,Gen 301 -> starting Map 4/5,
10511627,GA,Gen 301 -> starting Map 5/5,
10513581,GA,Gen 300 | 1206 agents | tournament k=2 → 100 offspring,
10513606,GA,Gen 302 started | 100 founders | RL=true,
10526576,GA,Gen 302 -> starting Map 2/5,
10533829,GA,Gen 302 -> starting Map 3/5,
10541700,GA,Gen 302 -> starting Map 4/5,
10551187,GA,Gen 302 -> starting Map 5/5,
10554112,GA,Gen 301 | 710 agents | tournament k=2 → 100 offspring,
10554140,GA,Gen 303 started | 100 founders | RL=true,
10564639,GA,Gen 303 -> starting Map 2/5,
10582223,GA,Gen 303 -> starting Map 3/5,
10590244,GA,Gen 303 -> starting Map 4/5,
10594598,GA,Gen 303 -> starting Map 5/5,
10599764,GA,Gen 302 | 824 agents | tournament k=2 → 100 offspring,
10599786,GA,Gen 304 started | 100 founders | RL=true,
10614093,GA,Gen 304 -> starting Map 2/5,
10635611,GA,Gen 304 -> starting Map 3/5,
10654918,GA,Gen 304 -> starting Map 4/5,
10662121,GA,Gen 304 -> starting Map 5/5,
10664044,GA,Gen 303 | 1199 agents | tournament k=2 → 100 offspring,
10664067,GA,Gen 305 started | 100 founders | RL=true,
10676605,GA,Gen 305 -> starting Map 2/5,
10684633,GA,Gen 305 -> starting Map 3/5,
10694718,GA,Gen 305 -> starting Map 4/5,
10706154,GA,Gen 305 -> starting Map 5/5,
10709572,GA,Gen 304 | 799 agents | tournament k=2 → 100 offspring,
10709597,GA,Gen 306 started | 100 founders | RL=true,
10720030,GA,Gen 306 -> starting Map 2/5,
10739862,GA,Gen 306 -> starting Map 3/5,
10748966,GA,Gen 306 -> starting Map 4/5,
10754821,GA,Gen 306 -> starting Map 5/5,
10761525,GA,Gen 305 | 958 agents | tournament k=2 → 100 offspring,
10761546,GA,Gen 307 started | 100 founders | RL=true,
10776385,GA,Gen 307 -> starting Map 2/5,
10797167,GA,Gen 307 -> starting Map 3/5,
10816545,GA,Gen 307 -> starting Map 4/5,
10823772,GA,Gen 307 -> starting Map 5/5,
10827099,GA,Gen 306 | 1216 agents | tournament k=2 → 100 offspring,
10827122,GA,Gen 308 started | 100 founders | RL=true,
10840573,GA,Gen 308 -> starting Map 2/5,
10848444,GA,Gen 308 -> starting Map 3/5,
10857816,GA,Gen 308 -> starting Map 4/5,
10869437,GA,Gen 308 -> starting Map 5/5,
10872921,GA,Gen 307 | 819 agents | tournament k=2 → 100 offspring,
10872948,GA,Gen 309 started | 100 founders | RL=true,
10883880,GA,Gen 309 -> starting Map 2/5,
10905652,GA,Gen 309 -> starting Map 3/5,
10916054,GA,Gen 309 -> starting Map 4/5,
10921992,GA,Gen 309 -> starting Map 5/5,
10927296,GA,Gen 308 | 1011 agents | tournament k=2 → 100 offspring,
10927322,GA,Gen 310 started | 100 founders | RL=true,
10942363,GA,Gen 310 -> starting Map 2/5,
10962691,GA,Gen 310 -> starting Map 3/5,
10981780,GA,Gen 310 -> starting Map 4/5,
10988294,GA,Gen 310 -> starting Map 5/5,
11241244,GA,Gen 314 | 829 agents | tournament k=2 → 100 offspring,
11241268,GA,Gen 316 started | 100 founders | RL=true,
11256046,GA,Gen 316 -> starting Map 2/5,
11278987,GA,Gen 316 -> starting Map 3/5,
11296943,GA,Gen 316 -> starting Map 4/5,
11303397,GA,Gen 316 -> starting Map 5/5,
11307553,GA,Gen 315 | 1234 agents | tournament k=2 → 100 offspring,
11307575,GA,Gen 317 started | 100 founders | RL=true,
11320422,GA,Gen 317 -> starting Map 2/5,
11328228,GA,Gen 317 -> starting Map 3/5,
11337081,GA,Gen 317 -> starting Map 4/5,
11350671,GA,Gen 317 -> starting Map 5/5,
11355331,GA,Gen 316 | 850 agents | tournament k=2 → 100 offspring,
11355357,GA,Gen 318 started | 100 founders | RL=true,
11364950,GA,Gen 318 -> starting Map 2/5,
11381450,GA,Gen 318 -> starting Map 3/5,
11390283,GA,Gen 318 -> starting Map 4/5,
11396621,GA,Gen 318 -> starting Map 5/5,
11402668,GA,Gen 317 | 856 agents | tournament k=2 → 100 offspring,
11402690,GA,Gen 319 started | 100 founders | RL=true,
11417893,GA,Gen 319 -> starting Map 2/5,
11441617,GA,Gen 319 -> starting Map 3/5,
11462847,GA,Gen 319 -> starting Map 4/5,
11469335,GA,Gen 319 -> starting Map 5/5,
11471253,GA,Gen 318 | 1274 agents | tournament k=2 → 100 offspring,
11471275,GA,Gen 320 started | 100 founders | RL=true,
11484522,GA,Gen 320 -> starting Map 2/5,
11492542,GA,Gen 320 -> starting Map 3/5,
11501510,GA,Gen 320 -> starting Map 4/5,
11513941,GA,Gen 320 -> starting Map 5/5,
11518104,GA,Gen 319 | 830 agents | tournament k=2 → 100 offspring,
11518131,GA,Gen 321 started | 100 founders | RL=true,
11528909,GA,Gen 321 -> starting Map 2/5,
11548219,GA,Gen 321 -> starting Map 3/5,
11556688,GA,Gen 321 -> starting Map 4/5,
11563827,GA,Gen 321 -> starting Map 5/5,
11570253,GA,Gen 320 | 946 agents | tournament k=2 → 100 offspring,
11570275,GA,Gen 322 started | 100 founders | RL=true,
11585208,GA,Gen 322 -> starting Map 2/5,
11605683,GA,Gen 322 -> starting Map 3/5,
11624394,GA,Gen 322 -> starting Map 4/5,
11630000,GA,Gen 322 -> starting Map 5/5,
11631412,GA,Gen 321 | 1100 agents | tournament k=2 → 100 offspring,
11631437,GA,Gen 323 started | 100 founders | RL=true,
11644836,GA,Gen 323 -> starting Map 2/5,
11652892,GA,Gen 323 -> starting Map 3/5,
11661558,GA,Gen 323 -> starting Map 4/5,
11673051,GA,Gen 323 -> starting Map 5/5,
11676781,GA,Gen 322 | 804 agents | tournament k=2 → 100 offspring,
11676805,GA,Gen 324 started | 100 founders | RL=true,
11686725,GA,Gen 324 -> starting Map 2/5,
11704078,GA,Gen 324 -> starting Map 3/5,
11712893,GA,Gen 324 -> starting Map 4/5,
11719139,GA,Gen 324 -> starting Map 5/5,
11725682,GA,Gen 323 | 897 agents | tournament k=2 → 100 offspring,
11725703,GA,Gen 325 started | 100 founders | RL=true,
11740953,GA,Gen 325 -> starting Map 2/5,
11762546,GA,Gen 325 -> starting Map 3/5,
11782686,GA,Gen 325 -> starting Map 4/5,
11788739,GA,Gen 325 -> starting Map 5/5,
12060456,GA,Gen 329 | 925 agents | tournament k=2 → 100 offspring,
12060480,GA,Gen 331 started | 100 founders | RL=true,
12075575,GA,Gen 331 -> starting Map 2/5,
12097098,GA,Gen 331 -> starting Map 3/5,
12114922,GA,Gen 331 -> starting Map 4/5,
12122135,GA,Gen 331 -> starting Map 5/5,
12125147,GA,Gen 330 | 1193 agents | tournament k=2 → 100 offspring,
12125176,GA,Gen 332 started | 100 founders | RL=true,
12137646,GA,Gen 332 -> starting Map 2/5,
12145435,GA,Gen 332 -> starting Map 3/5,
12155388,GA,Gen 332 -> starting Map 4/5,
12166766,GA,Gen 332 -> starting Map 5/5,
12169968,GA,Gen 331 | 788 agents | tournament k=2 → 100 offspring,
12169992,GA,Gen 333 started | 100 founders | RL=true,
12180102,GA,Gen 333 -> starting Map 2/5,
12197351,GA,Gen 333 -> starting Map 3/5,
12206881,GA,Gen 333 -> starting Map 4/5,
12213495,GA,Gen 333 -> starting Map 5/5,
12218669,GA,Gen 332 | 882 agents | tournament k=2 → 100 offspring,
12218694,GA,Gen 334 started | 100 founders | RL=true,
12233736,GA,Gen 334 -> starting Map 2/5,
12254540,GA,Gen 334 -> starting Map 3/5,
12272436,GA,Gen 334 -> starting Map 4/5,
12278312,GA,Gen 334 -> starting Map 5/5,
12279741,GA,Gen 333 | 1130 agents | tournament k=2 → 100 offspring,
12279762,GA,Gen 335 started | 100 founders | RL=true,
12293542,GA,Gen 335 -> starting Map 2/5,
12302996,GA,Gen 335 -> starting Map 3/5,
12314373,GA,Gen 335 -> starting Map 4/5,
12327887,GA,Gen 335 -> starting Map 5/5,
12331817,GA,Gen 334 | 927 agents | tournament k=2 → 100 offspring,
12331843,GA,Gen 336 started | 100 founders | RL=true,
12342408,GA,Gen 336 -> starting Map 2/5,
12363327,GA,Gen 336 -> starting Map 3/5,
12372981,GA,Gen 336 -> starting Map 4/5,
12378333,GA,Gen 336 -> starting Map 5/5,
12384509,GA,Gen 335 | 970 agents | tournament k=2 → 100 offspring,
12384530,GA,Gen 337 started | 100 founders | RL=true,
12399830,GA,Gen 337 -> starting Map 2/5,
12420368,GA,Gen 337 -> starting Map 3/5,
12438663,GA,Gen 337 -> starting Map 4/5,
12446014,GA,Gen 337 -> starting Map 5/5,
12449111,GA,Gen 336 | 1182 agents | tournament k=2 → 100 offspring,
12449167,GA,Gen 338 started | 100 founders | RL=true,
12462887,GA,Gen 338 -> starting Map 2/5,
12470444,GA,Gen 338 -> starting Map 3/5,
12478999,GA,Gen 338 -> starting Map 4/5,
12492219,GA,Gen 338 -> starting Map 5/5,
12496422,GA,Gen 337 | 837 agents | tournament k=2 → 100 offspring,
12496450,GA,Gen 339 started | 100 founders | RL=true,
12507153,GA,Gen 339 -> starting Map 2/5,
12528157,GA,Gen 339 -> starting Map 3/5,
12538683,GA,Gen 339 -> starting Map 4/5,
12545489,GA,Gen 339 -> starting Map 5/5,
12551729,GA,Gen 338 | 1015 agents | tournament k=2 → 100 offspring,
12551752,GA,Gen 340 started | 100 founders | RL=true,
12566611,GA,Gen 340 -> starting Map 2/5,
12587473,GA,Gen 340 -> starting Map 3/5,
12607720,GA,Gen 340 -> starting Map 4/5,
12614759,GA,Gen 340 -> starting Map 5/5,
12617496,GA,Gen 339 | 1216 agents | tournament k=2 → 100 offspring,
12617519,GA,Gen 341 started | 100 founders | RL=true,
12632415,GA,Gen 341 -> starting Map 2/5,
12641227,GA,Gen 341 -> starting Map 3/5,
12650152,GA,Gen 341 -> starting Map 4/5,
12663024,GA,Gen 341 -> starting Map 5/5,
12667272,GA,Gen 340 | 903 agents | tournament k=2 → 100 offspring,
12667296,GA,Gen 342 started | 100 founders | RL=true,
12677231,GA,Gen 342 -> starting Map 2/5,
12695174,GA,Gen 342 -> starting Map 3/5,
12703843,GA,Gen 342 -> starting Map 4/5,
12709537,GA,Gen 342 -> starting Map 5/5,
12714295,GA,Gen 341 | 855 agents | tournament k=2 → 100 offspring,
12714323,GA,Gen 343 started | 100 founders | RL=true,
12729902,GA,Gen 343 -> starting Map 2/5,
12752307,GA,Gen 343 -> starting Map 3/5,
12771892,GA,Gen 343 -> starting Map 4/5,
12777679,GA,Gen 343 -> starting Map 5/5,
12779156,GA,Gen 342 | 1202 agents | tournament k=2 → 100 offspring,
12779179,GA,Gen 344 started | 100 founders | RL=true,
12792518,GA,Gen 344 -> starting Map 2/5,
12800622,GA,Gen 344 -> starting Map 3/5,
12811963,GA,Gen 344 -> starting Map 4/5,
12824594,GA,Gen 344 -> starting Map 5/5,
12828293,GA,Gen 343 | 874 agents | tournament k=2 → 100 offspring,
12828316,GA,Gen 345 started | 100 founders | RL=true,
12838885,GA,Gen 345 -> starting Map 2/5,
12857797,GA,Gen 345 -> starting Map 3/5,
12866725,GA,Gen 345 -> starting Map 4/5,
12873213,GA,Gen 345 -> starting Map 5/5,
13444780,GA,Gen 354 | 1204 agents | tournament k=2 → 100 offspring,
13444806,GA,Gen 356 started | 100 founders | RL=true,
13458714,GA,Gen 356 -> starting Map 2/5,
13468742,GA,Gen 356 -> starting Map 3/5,
13480106,GA,Gen 356 -> starting Map 4/5,
13494566,GA,Gen 356 -> starting Map 5/5,
13498801,GA,Gen 355 | 965 agents | tournament k=2 → 100 offspring,
13498824,GA,Gen 357 started | 100 founders | RL=true,
13509655,GA,Gen 357 -> starting Map 2/5,
13525547,GA,Gen 357 -> starting Map 3/5,
13533792,GA,Gen 357 -> starting Map 4/5,
13540805,GA,Gen 357 -> starting Map 5/5,
13548178,GA,Gen 356 | 886 agents | tournament k=2 → 100 offspring,
13548199,GA,Gen 358 started | 100 founders | RL=true,
13564588,GA,Gen 358 -> starting Map 2/5,
13586689,GA,Gen 358 -> starting Map 3/5,
13606053,GA,Gen 358 -> starting Map 4/5,
13612901,GA,Gen 358 -> starting Map 5/5,
13614475,GA,Gen 357 | 1217 agents | tournament k=2 → 100 offspring,
13614501,GA,Gen 359 started | 100 founders | RL=true,
13628436,GA,Gen 359 -> starting Map 2/5,
13638087,GA,Gen 359 -> starting Map 3/5,
13651851,GA,Gen 359 -> starting Map 4/5,
13665838,GA,Gen 359 -> starting Map 5/5,
13669548,GA,Gen 358 | 996 agents | tournament k=2 → 100 offspring,
13669572,GA,Gen 360 started | 100 founders | RL=true,
13679447,GA,Gen 360 -> starting Map 2/5,
13697593,GA,Gen 360 -> starting Map 3/5,
13707257,GA,Gen 360 -> starting Map 4/5,
13715619,GA,Gen 360 -> starting Map 5/5,
13722217,GA,Gen 359 | 964 agents | tournament k=2 → 100 offspring,
13722242,GA,Gen 361 started | 100 founders | RL=true,
13739158,GA,Gen 361 -> starting Map 2/5,
13761824,GA,Gen 361 -> starting Map 3/5,
13780925,GA,Gen 361 -> starting Map 4/5,
13787294,GA,Gen 361 -> starting Map 5/5,
13789425,GA,Gen 360 | 1248 agents | tournament k=2 → 100 offspring,
13789450,GA,Gen 362 started | 100 founders | RL=true,
13802384,GA,Gen 362 -> starting Map 2/5,
13810114,GA,Gen 362 -> starting Map 3/5,
13820462,GA,Gen 362 -> starting Map 4/5,
13831589,GA,Gen 362 -> starting Map 5/5,
13834646,GA,Gen 361 | 787 agents | tournament k=2 → 100 offspring,
13834672,GA,Gen 363 started | 100 founders | RL=true,
13844983,GA,Gen 363 -> starting Map 2/5,
13863138,GA,Gen 363 -> starting Map 3/5,
13871930,GA,Gen 363 -> starting Map 4/5,
13877440,GA,Gen 363 -> starting Map 5/5,
13882914,GA,Gen 362 | 871 agents | tournament k=2 → 100 offspring,
13882934,GA,Gen 364 started | 100 founders | RL=true,
13897975,GA,Gen 364 -> starting Map 2/5,
13919322,GA,Gen 364 -> starting Map 3/5,
13937900,GA,Gen 364 -> starting Map 4/5,
13944133,GA,Gen 364 -> starting Map 5/5,
13945702,GA,Gen 363 | 1162 agents | tournament k=2 → 100 offspring,
13945727,GA,Gen 365 started | 100 founders | RL=true,
13959679,GA,Gen 365 -> starting Map 2/5,
13968122,GA,Gen 365 -> starting Map 3/5,
13978622,GA,Gen 365 -> starting Map 4/5,
13990920,GA,Gen 365 -> starting Map 5/5,
14549064,GA,Gen 374 | 912 agents | tournament k=2 → 100 offspring,
14549092,GA,Gen 376 started | 100 founders | RL=true,
14564549,GA,Gen 376 -> starting Map 2/5,
14587205,GA,Gen 376 -> starting Map 3/5,
14605978,GA,Gen 376 -> starting Map 4/5,
14612539,GA,Gen 376 -> starting Map 5/5,
14616431,GA,Gen 375 | 1250 agents | tournament k=2 → 100 offspring,
14616456,GA,Gen 377 started | 100 founders | RL=true,
14629945,GA,Gen 377 -> starting Map 2/5,
14638157,GA,Gen 377 -> starting Map 3/5,
14647647,GA,Gen 377 -> starting Map 4/5,
14661358,GA,Gen 377 -> starting Map 5/5,
14665697,GA,Gen 376 | 876 agents | tournament k=2 → 100 offspring,
14665723,GA,Gen 378 started | 100 founders | RL=true,
14676559,GA,Gen 378 -> starting Map 2/5,
14693821,GA,Gen 378 -> starting Map 3/5,
14702749,GA,Gen 378 -> starting Map 4/5,
14710898,GA,Gen 378 -> starting Map 5/5,
14716320,GA,Gen 377 | 908 agents | tournament k=2 → 100 offspring,
14716343,GA,Gen 379 started | 100 founders | RL=true,
14732140,GA,Gen 379 -> starting Map 2/5,
14756279,GA,Gen 379 -> starting Map 3/5,
14778067,GA,Gen 379 -> starting Map 4/5,
14784951,GA,Gen 379 -> starting Map 5/5,
14787089,GA,Gen 378 | 1318 agents | tournament k=2 → 100 offspring,
14787111,GA,Gen 380 started | 100 founders | RL=true,
14800546,GA,Gen 380 -> starting Map 2/5,
14808890,GA,Gen 380 -> starting Map 3/5,
14819582,GA,Gen 380 -> starting Map 4/5,
14833431,GA,Gen 380 -> starting Map 5/5,
14837342,GA,Gen 379 | 895 agents | tournament k=2 → 100 offspring,
14837370,GA,Gen 381 started | 100 founders | RL=true,
14848977,GA,Gen 381 -> starting Map 2/5,
14868668,GA,Gen 381 -> starting Map 3/5,
14878018,GA,Gen 381 -> starting Map 4/5,
14886441,GA,Gen 381 -> starting Map 5/5,
14892730,GA,Gen 380 | 1013 agents | tournament k=2 → 100 offspring,
14892753,GA,Gen 382 started | 100 founders | RL=true,
14908442,GA,Gen 382 -> starting Map 2/5,
14931200,GA,Gen 382 -> starting Map 3/5,
14950067,GA,Gen 382 -> starting Map 4/5,
14955617,GA,Gen 382 -> starting Map 5/5,
14957027,GA,Gen 381 | 1170 agents | tournament k=2 → 100 offspring,
14957054,GA,Gen 383 started | 100 founders | RL=true,
14970694,GA,Gen 383 -> starting Map 2/5,
14979411,GA,Gen 383 -> starting Map 3/5,
14990390,GA,Gen 383 -> starting Map 4/5,
15002355,GA,Gen 383 -> starting Map 5/5,
15006150,GA,Gen 382 | 864 agents | tournament k=2 → 100 offspring,
15006175,GA,Gen 384 started | 100 founders | RL=true,
15016197,GA,Gen 384 -> starting Map 2/5,
15033732,GA,Gen 384 -> starting Map 3/5,
15043526,GA,Gen 384 -> starting Map 4/5,
15051456,GA,Gen 384 -> starting Map 5/5,
15057796,GA,Gen 383 | 935 agents | tournament k=2 → 100 offspring,
15057819,GA,Gen 385 started | 100 founders | RL=true,
15073304,GA,Gen 385 -> starting Map 2/5,
15095039,GA,Gen 385 -> starting Map 3/5,
15114284,GA,Gen 385 -> starting Map 4/5,
15120546,GA,Gen 385 -> starting Map 5/5,
15122589,GA,Gen 384 | 1192 agents | tournament k=2 → 100 offspring,
15122615,GA,Gen 386 started | 100 founders | RL=true,
15136590,GA,Gen 386 -> starting Map 2/5,
15145654,GA,Gen 386 -> starting Map 3/5,
15158751,GA,Gen 386 -> starting Map 4/5,
15171292,GA,Gen 386 -> starting Map 5/5,
15175392,GA,Gen 385 | 937 agents | tournament k=2 → 100 offspring,
15175417,GA,Gen 387 started | 100 founders | RL=true,
15185744,GA,Gen 387 -> starting Map 2/5,
15203043,GA,Gen 387 -> starting Map 3/5,
15210827,GA,Gen 387 -> starting Map 4/5,
15219040,GA,Gen 387 -> starting Map 5/5,
15226730,GA,Gen 386 | 916 agents | tournament k=2 → 100 offspring,
15226754,GA,Gen 388 started | 100 founders | RL=true,
15243156,GA,Gen 388 -> starting Map 2/5,
15264571,GA,Gen 388 -> starting Map 3/5,
15284574,GA,Gen 388 -> starting Map 4/5,
15291554,GA,Gen 388 -> starting Map 5/5,
15293742,GA,Gen 387 | 1232 agents | tournament k=2 → 100 offspring,
15293764,GA,Gen 389 started | 100 founders | RL=true,
15307021,GA,Gen 389 -> starting Map 2/5,
15316827,GA,Gen 389 -> starting Map 3/5,
15332400,GA,Gen 389 -> starting Map 4/5,
15346459,GA,Gen 389 -> starting Map 5/5,
15350009,GA,Gen 388 | 1012 agents | tournament k=2 → 100 offspring,
15350032,GA,Gen 390 started | 100 founders | RL=true,
15360140,GA,Gen 390 -> starting Map 2/5,
15378189,GA,Gen 390 -> starting Map 3/5,
15387694,GA,Gen 390 -> starting Map 4/5,
15396021,GA,Gen 390 -> starting Map 5/5,
15402388,GA,Gen 389 | 942 agents | tournament k=2 → 100 offspring,
15402416,GA,Gen 391 started | 100 founders | RL=true,
15418805,GA,Gen 391 -> starting Map 2/5,
15441448,GA,Gen 391 -> starting Map 3/5,
15460409,GA,Gen 391 -> starting Map 4/5,
15467586,GA,Gen 391 -> starting Map 5/5,
15470865,GA,Gen 390 | 1262 agents | tournament k=2 → 100 offspring,
15470887,GA,Gen 392 started | 100 founders | RL=true,
15483863,GA,Gen 392 -> starting Map 2/5,
15492663,GA,Gen 392 -> starting Map 3/5,
15504279,GA,Gen 392 -> starting Map 4/5,
15516801,GA,Gen 392 -> starting Map 5/5,
15520202,GA,Gen 391 | 866 agents | tournament k=2 → 100 offspring,
15520226,GA,Gen 393 started | 100 founders | RL=true,
15530838,GA,Gen 393 -> starting Map 2/5,
15550662,GA,Gen 393 -> starting Map 3/5,
15559548,GA,Gen 393 -> starting Map 4/5,
15564631,GA,Gen 393 -> starting Map 5/5,
15570671,GA,Gen 392 | 918 agents | tournament k=2 → 100 offspring,
15570695,GA,Gen 394 started | 100 founders | RL=true,
15585000,GA,Gen 394 -> starting Map 2/5,
15607194,GA,Gen 394 -> starting Map 3/5,
15627231,GA,Gen 394 -> starting Map 4/5,
15634092,GA,Gen 394 -> starting Map 5/5,
15636878,GA,Gen 393 | 1222 agents | tournament k=2 → 100 offspring,
15636904,GA,Gen 395 started | 100 founders | RL=true,
15650043,GA,Gen 395 -> starting Map 2/5,
15658748,GA,Gen 395 -> starting Map 3/5,
15669717,GA,Gen 395 -> starting Map 4/5,
15682532,GA,Gen 395 -> starting Map 5/5,
15686297,GA,Gen 394 | 862 agents | tournament k=2 → 100 offspring,
15686321,GA,Gen 396 started | 100 founders | RL=true,
15696543,GA,Gen 396 -> starting Map 2/5,
15715712,GA,Gen 396 -> starting Map 3/5,
15724888,GA,Gen 396 -> starting Map 4/5,
15731842,GA,Gen 396 -> starting Map 5/5,
15739908,GA,Gen 395 | 974 agents | tournament k=2 → 100 offspring,
15739930,GA,Gen 397 started | 100 founders | RL=true,
15755133,GA,Gen 397 -> starting Map 2/5,
15775826,GA,Gen 397 -> starting Map 3/5,
15794523,GA,Gen 397 -> starting Map 4/5,
15801069,GA,Gen 397 -> starting Map 5/5,
15805004,GA,Gen 396 | 1183 agents | tournament k=2 → 100 offspring,
15805028,GA,Gen 398 started | 100 founders | RL=true,
15818674,GA,Gen 398 -> starting Map 2/5,
15827466,GA,Gen 398 -> starting Map 3/5,
15839618,GA,Gen 398 -> starting Map 4/5,
15853361,GA,Gen 398 -> starting Map 5/5,
15857288,GA,Gen 397 | 933 agents | tournament k=2 → 100 offspring,
15857315,GA,Gen 399 started | 100 founders | RL=true,
15868168,GA,Gen 399 -> starting Map 2/5,
15889805,GA,Gen 399 -> starting Map 3/5,
15900074,GA,Gen 399 -> starting Map 4/5,
15907803,GA,Gen 399 -> starting Map 5/5,
15913524,GA,Gen 398 | 1031 agents | tournament k=2 → 100 offspring,
15913547,GA,Gen 400 started | 100 founders | RL=true,
15929098,GA,Gen 400 -> starting Map 2/5,
15951380,GA,Gen 400 -> starting Map 3/5,
15970897,GA,Gen 400 -> starting Map 4/5,
15977628,GA,Gen 400 -> starting Map 5/5,
15980370,GA,Gen 399 | 1229 agents | tournament k=2 → 100 offspring,
15980396,GA,Gen 401 started | 100 founders | RL=true,
15994490,GA,Gen 401 -> starting Map 2/5,
16003016,GA,Gen 401 -> starting Map 3/5,
16012414,GA,Gen 401 -> starting Map 4/5,
16027615,GA,Gen 401 -> starting Map 5/5,
16032005,GA,Gen 400 | 920 agents | tournament k=2 → 100 offspring,
16032030,GA,Gen 402 started | 100 founders | RL=true,
16042253,GA,Gen 402 -> starting Map 2/5,
16060386,GA,Gen 402 -> starting Map 3/5,
16069297,GA,Gen 402 -> starting Map 4/5,
16074410,GA,Gen 402 -> starting Map 5/5,
16078994,GA,Gen 401 | 830 agents | tournament k=2 → 100 offspring,
16079018,GA,Gen 403 started | 100 founders | RL=true,
16093625,GA,Gen 403 -> starting Map 2/5,
16114755,GA,Gen 403 -> starting Map 3/5,
16134147,GA,Gen 403 -> starting Map 4/5,
16141027,GA,Gen 403 -> starting Map 5/5,
16143320,GA,Gen 402 | 1174 agents | tournament k=2 → 100 offspring,
16143342,GA,Gen 404 started | 100 founders | RL=true,
16156562,GA,Gen 404 -> starting Map 2/5,
16164752,GA,Gen 404 -> starting Map 3/5,
16174698,GA,Gen 404 -> starting Map 4/5,
16186683,GA,Gen 404 -> starting Map 5/5,
16190418,GA,Gen 403 | 826 agents | tournament k=2 → 100 offspring,
16190443,GA,Gen 405 started | 100 founders | RL=true,
16201069,GA,Gen 405 -> starting Map 2/5,
16220172,GA,Gen 405 -> starting Map 3/5,
16229954,GA,Gen 405 -> starting Map 4/5,
16236971,GA,Gen 405 -> starting Map 5/5,
16241894,GA,Gen 404 | 921 agents | tournament k=2 → 100 offspring,
16241920,GA,Gen 406 started | 100 founders | RL=true,
16257865,GA,Gen 406 -> starting Map 2/5,
16281788,GA,Gen 406 -> starting Map 3/5,
16300220,GA,Gen 406 -> starting Map 4/5,
16305306,GA,Gen 406 -> starting Map 5/5,
16308074,GA,Gen 405 | 1225 agents | tournament k=2 → 100 offspring,
16308096,GA,Gen 407 started | 100 founders | RL=true,
16320745,GA,Gen 407 -> starting Map 2/5,
16329382,GA,Gen 407 -> starting Map 3/5,
16339812,GA,Gen 407 -> starting Map 4/5,
16352927,GA,Gen 407 -> starting Map 5/5,
16357458,GA,Gen 406 | 848 agents | tournament k=2 → 100 offspring,
16357482,GA,Gen 408 started | 100 founders | RL=true,
16368463,GA,Gen 408 -> starting Map 2/5,
16386475,GA,Gen 408 -> starting Map 3/5,
16396391,GA,Gen 408 -> starting Map 4/5,
16404462,GA,Gen 408 -> starting Map 5/5,
16409934,GA,Gen 407 | 938 agents | tournament k=2 → 100 offspring,
16409955,GA,Gen 409 started | 100 founders | RL=true,
16426555,GA,Gen 409 -> starting Map 2/5,
16451559,GA,Gen 409 -> starting Map 3/5,
16473757,GA,Gen 409 -> starting Map 4/5,
16481247,GA,Gen 409 -> starting Map 5/5,
16483913,GA,Gen 408 | 1380 agents | tournament k=2 → 100 offspring,
16483934,GA,Gen 410 started | 100 founders | RL=true,
16497821,GA,Gen 410 -> starting Map 2/5,
16506403,GA,Gen 410 -> starting Map 3/5,
16518531,GA,Gen 410 -> starting Map 4/5,
16532202,GA,Gen 410 -> starting Map 5/5,
17398211,GA,Gen 424 | 912 agents | tournament k=2 → 100 offspring,
17398238,GA,Gen 426 started | 100 founders | RL=true,
17408755,GA,Gen 426 -> starting Map 2/5,
17429525,GA,Gen 426 -> starting Map 3/5,
17438685,GA,Gen 426 -> starting Map 4/5,
17444633,GA,Gen 426 -> starting Map 5/5,
17451597,GA,Gen 425 | 969 agents | tournament k=2 → 100 offspring,
17451621,GA,Gen 427 started | 100 founders | RL=true,
17466744,GA,Gen 427 -> starting Map 2/5,
17487295,GA,Gen 427 -> starting Map 3/5,
17505660,GA,Gen 427 -> starting Map 4/5,
17513123,GA,Gen 427 -> starting Map 5/5,
17516214,GA,Gen 426 | 1186 agents | tournament k=2 → 100 offspring,
17516238,GA,Gen 428 started | 100 founders | RL=true,
17530027,GA,Gen 428 -> starting Map 2/5,
17538151,GA,Gen 428 -> starting Map 3/5,
17548764,GA,Gen 428 -> starting Map 4/5,
17563027,GA,Gen 428 -> starting Map 5/5,
17567100,GA,Gen 427 | 907 agents | tournament k=2 → 100 offspring,
17567128,GA,Gen 429 started | 100 founders | RL=true,
17577557,GA,Gen 429 -> starting Map 2/5,
17599127,GA,Gen 429 -> starting Map 3/5,
17610148,GA,Gen 429 -> starting Map 4/5,
17618987,GA,Gen 429 -> starting Map 5/5,
17624532,GA,Gen 428 | 1047 agents | tournament k=2 → 100 offspring,
17624557,GA,Gen 430 started | 100 founders | RL=true,
17640259,GA,Gen 430 -> starting Map 2/5,
17661837,GA,Gen 430 -> starting Map 3/5,
17681250,GA,Gen 430 -> starting Map 4/5,
17688100,GA,Gen 430 -> starting Map 5/5,
17960921,GA,Gen 434 | 963 agents | tournament k=2 → 100 offspring,
17960949,GA,Gen 436 started | 100 founders | RL=true,
17976221,GA,Gen 436 -> starting Map 2/5,
17999448,GA,Gen 436 -> starting Map 3/5,
18018471,GA,Gen 436 -> starting Map 4/5,
18024767,GA,Gen 436 -> starting Map 5/5,
18027713,GA,Gen 435 | 1235 agents | tournament k=2 → 100 offspring,
18027737,GA,Gen 437 started | 100 founders | RL=true,
18040755,GA,Gen 437 -> starting Map 2/5,
18048550,GA,Gen 437 -> starting Map 3/5,
18057476,GA,Gen 437 -> starting Map 4/5,
18071282,GA,Gen 437 -> starting Map 5/5,
18075755,GA,Gen 436 | 855 agents | tournament k=2 → 100 offspring,
18075780,GA,Gen 438 started | 100 founders | RL=true,
18086586,GA,Gen 438 -> starting Map 2/5,
18104588,GA,Gen 438 -> starting Map 3/5,
18114304,GA,Gen 438 -> starting Map 4/5,
18122331,GA,Gen 438 -> starting Map 5/5,
18128984,GA,Gen 437 | 962 agents | tournament k=2 → 100 offspring,
18129010,GA,Gen 439 started | 100 founders | RL=true,
18144630,GA,Gen 439 -> starting Map 2/5,
18169044,GA,Gen 439 -> starting Map 3/5,
18191537,GA,Gen 439 -> starting Map 4/5,
18198747,GA,Gen 439 -> starting Map 5/5,
18201285,GA,Gen 438 | 1347 agents | tournament k=2 → 100 offspring,
18201308,GA,Gen 440 started | 100 founders | RL=true,
18214588,GA,Gen 440 -> starting Map 2/5,
18222783,GA,Gen 440 -> starting Map 3/5,
18235366,GA,Gen 440 -> starting Map 4/5,
18250197,GA,Gen 440 -> starting Map 5/5,
18548260,GA,Gen 444 | 1288 agents | tournament k=2 → 100 offspring,
18548284,GA,Gen 446 started | 100 founders | RL=true,
18560740,GA,Gen 446 -> starting Map 2/5,
18570505,GA,Gen 446 -> starting Map 3/5,
18583765,GA,Gen 446 -> starting Map 4/5,
18597596,GA,Gen 446 -> starting Map 5/5,
18601696,GA,Gen 445 | 954 agents | tournament k=2 → 100 offspring,
18601723,GA,Gen 447 started | 100 founders | RL=true,
18612248,GA,Gen 447 -> starting Map 2/5,
18630232,GA,Gen 447 -> starting Map 3/5,
18639342,GA,Gen 447 -> starting Map 4/5,
18646475,GA,Gen 447 -> starting Map 5/5,
18654558,GA,Gen 446 | 964 agents | tournament k=2 → 100 offspring,
18654580,GA,Gen 448 started | 100 founders | RL=true,
18669895,GA,Gen 448 -> starting Map 2/5,
18690910,GA,Gen 448 -> starting Map 3/5,
18710617,GA,Gen 448 -> starting Map 4/5,
18717273,GA,Gen 448 -> starting Map 5/5,
18719236,GA,Gen 447 | 1186 agents | tournament k=2 → 100 offspring,
18719263,GA,Gen 449 started | 100 founders | RL=true,
18733242,GA,Gen 449 -> starting Map 2/5,
18743737,GA,Gen 449 -> starting Map 3/5,
18759097,GA,Gen 449 -> starting Map 4/5,
18773034,GA,Gen 449 -> starting Map 5/5,
18776529,GA,Gen 448 | 1020 agents | tournament k=2 → 100 offspring,
18776554,GA,Gen 450 started | 100 founders | RL=true,
18787021,GA,Gen 450 -> starting Map 2/5,
18806081,GA,Gen 450 -> starting Map 3/5,
18815757,GA,Gen 450 -> starting Map 4/5,
18823536,GA,Gen 450 -> starting Map 5/5,
19118655,GA,Gen 454 | 935 agents | tournament k=2 → 100 offspring,
19118680,GA,Gen 456 started | 100 founders | RL=true,
19129068,GA,Gen 456 -> starting Map 2/5,
19149539,GA,Gen 456 -> starting Map 3/5,
19158682,GA,Gen 456 -> starting Map 4/5,
19165492,GA,Gen 456 -> starting Map 5/5,
19173684,GA,Gen 455 | 1004 agents | tournament k=2 → 100 offspring,
19173707,GA,Gen 457 started | 100 founders | RL=true,
19188934,GA,Gen 457 -> starting Map 2/5,
19210372,GA,Gen 457 -> starting Map 3/5,
19230542,GA,Gen 457 -> starting Map 4/5,
19237152,GA,Gen 457 -> starting Map 5/5,
19239865,GA,Gen 456 | 1201 agents | tournament k=2 → 100 offspring,
19239890,GA,Gen 458 started | 100 founders | RL=true,
19253776,GA,Gen 458 -> starting Map 2/5,
19262042,GA,Gen 458 -> starting Map 3/5,
19273605,GA,Gen 458 -> starting Map 4/5,
19288118,GA,Gen 458 -> starting Map 5/5,
19291803,GA,Gen 457 | 925 agents | tournament k=2 → 100 offspring,
19291830,GA,Gen 459 started | 100 founders | RL=true,
19302843,GA,Gen 459 -> starting Map 2/5,
19325102,GA,Gen 459 -> starting Map 3/5,
19336672,GA,Gen 459 -> starting Map 4/5,
19346805,GA,Gen 459 -> starting Map 5/5,
19353233,GA,Gen 458 | 1113 agents | tournament k=2 → 100 offspring,
19353254,GA,Gen 460 started | 100 founders | RL=true,
19368969,GA,Gen 460 -> starting Map 2/5,
19390680,GA,Gen 460 -> starting Map 3/5,
19410593,GA,Gen 460 -> starting Map 4/5,
19417508,GA,Gen 460 -> starting Map 5/5,
19420656,GA,Gen 459 | 1242 agents | tournament k=2 → 100 offspring,
19420677,GA,Gen 461 started | 100 founders | RL=true,
19435443,GA,Gen 461 -> starting Map 2/5,
19445023,GA,Gen 461 -> starting Map 3/5,
19458443,GA,Gen 461 -> starting Map 4/5,
19473561,GA,Gen 461 -> starting Map 5/5,
19477744,GA,Gen 460 | 1024 agents | tournament k=2 → 100 offspring,
19477768,GA,Gen 462 started | 100 founders | RL=true,
19488070,GA,Gen 462 -> starting Map 2/5,
19506916,GA,Gen 462 -> starting Map 3/5,
19516099,GA,Gen 462 -> starting Map 4/5,
19522679,GA,Gen 462 -> starting Map 5/5,
19527034,GA,Gen 461 | 883 agents | tournament k=2 → 100 offspring,
19527056,GA,Gen 463 started | 100 founders | RL=true,
19542183,GA,Gen 463 -> starting Map 2/5,
19564111,GA,Gen 463 -> starting Map 3/5,
19583260,GA,Gen 463 -> starting Map 4/5,
19589978,GA,Gen 463 -> starting Map 5/5,
19591719,GA,Gen 462 | 1197 agents | tournament k=2 → 100 offspring,
19591742,GA,Gen 464 started | 100 founders | RL=true,
19604582,GA,Gen 464 -> starting Map 2/5,
19613063,GA,Gen 464 -> starting Map 3/5,
19625826,GA,Gen 464 -> starting Map 4/5,
19638239,GA,Gen 464 -> starting Map 5/5,
19641773,GA,Gen 463 | 890 agents | tournament k=2 → 100 offspring,
19641800,GA,Gen 465 started | 100 founders | RL=true,
19652722,GA,Gen 465 -> starting Map 2/5,
19671731,GA,Gen 465 -> starting Map 3/5,
19681200,GA,Gen 465 -> starting Map 4/5,
19689121,GA,Gen 465 -> starting Map 5/5,
20003287,GA,Gen 469 | 962 agents | tournament k=2 → 100 offspring,
20003313,GA,Gen 471 started | 100 founders | RL=true,
20014787,GA,Gen 471 -> starting Map 2/5,
20035165,GA,Gen 471 -> starting Map 3/5,
20044019,GA,Gen 471 -> starting Map 4/5,
20052679,GA,Gen 471 -> starting Map 5/5,
20061290,GA,Gen 470 | 1056 agents | tournament k=2 → 100 offspring,
20061315,GA,Gen 472 started | 100 founders | RL=true,
20076487,GA,Gen 472 -> starting Map 2/5,
20098244,GA,Gen 472 -> starting Map 3/5,
20116600,GA,Gen 472 -> starting Map 4/5,
20122757,GA,Gen 472 -> starting Map 5/5,
20124313,GA,Gen 471 | 1160 agents | tournament k=2 → 100 offspring,
20124337,GA,Gen 473 started | 100 founders | RL=true,
20137660,GA,Gen 473 -> starting Map 2/5,
20146684,GA,Gen 473 -> starting Map 3/5,
20159655,GA,Gen 473 -> starting Map 4/5,
20172562,GA,Gen 473 -> starting Map 5/5,
20176189,GA,Gen 472 | 923 agents | tournament k=2 → 100 offspring,
20176213,GA,Gen 474 started | 100 founders | RL=true,
20186883,GA,Gen 474 -> starting Map 2/5,
20206578,GA,Gen 474 -> starting Map 3/5,
20215778,GA,Gen 474 -> starting Map 4/5,
20222630,GA,Gen 474 -> starting Map 5/5,
20230057,GA,Gen 473 | 979 agents | tournament k=2 → 100 offspring,
20230079,GA,Gen 475 started | 100 founders | RL=true,
20247232,GA,Gen 475 -> starting Map 2/5,
20271236,GA,Gen 475 -> starting Map 3/5,
20292995,GA,Gen 475 -> starting Map 4/5,
20299627,GA,Gen 475 -> starting Map 5/5,
20301332,GA,Gen 474 | 1310 agents | tournament k=2 → 100 offspring,
20301359,GA,Gen 476 started | 100 founders | RL=true,
20314700,GA,Gen 476 -> starting Map 2/5,
20323630,GA,Gen 476 -> starting Map 3/5,
20333926,GA,Gen 476 -> starting Map 4/5,
20347366,GA,Gen 476 -> starting Map 5/5,
20351979,GA,Gen 475 | 905 agents | tournament k=2 → 100 offspring,
20352004,GA,Gen 477 started | 100 founders | RL=true,
20362214,GA,Gen 477 -> starting Map 2/5,
20380384,GA,Gen 477 -> starting Map 3/5,
20389942,GA,Gen 477 -> starting Map 4/5,
20397597,GA,Gen 477 -> starting Map 5/5,
20406163,GA,Gen 476 | 971 agents | tournament k=2 → 100 offspring,
20406189,GA,Gen 478 started | 100 founders | RL=true,
20422200,GA,Gen 478 -> starting Map 2/5,
20444858,GA,Gen 478 -> starting Map 3/5,
20465400,GA,Gen 478 -> starting Map 4/5,
20472607,GA,Gen 478 -> starting Map 5/5,
20475462,GA,Gen 477 | 1270 agents | tournament k=2 → 100 offspring,
20475482,GA,Gen 479 started | 100 founders | RL=true,
20490134,GA,Gen 479 -> starting Map 2/5,
20500176,GA,Gen 479 -> starting Map 3/5,
20515122,GA,Gen 479 -> starting Map 4/5,
20530330,GA,Gen 479 -> starting Map 5/5,
20534302,GA,Gen 478 | 1063 agents | tournament k=2 → 100 offspring,
20534328,GA,Gen 480 started | 100 founders | RL=true,
20544953,GA,Gen 480 -> starting Map 2/5,
20563235,GA,Gen 480 -> starting Map 3/5,
20572066,GA,Gen 480 -> starting Map 4/5,
20581275,GA,Gen 480 -> starting Map 5/5,
20883145,GA,Gen 484 | 933 agents | tournament k=2 → 100 offspring,
20883172,GA,Gen 486 started | 100 founders | RL=true,
20893957,GA,Gen 486 -> starting Map 2/5,
20914818,GA,Gen 486 -> starting Map 3/5,
20924178,GA,Gen 486 -> starting Map 4/5,
20931273,GA,Gen 486 -> starting Map 5/5,
20939595,GA,Gen 485 | 1025 agents | tournament k=2 → 100 offspring,
20939619,GA,Gen 487 started | 100 founders | RL=true,
20954583,GA,Gen 487 -> starting Map 2/5,
20975418,GA,Gen 487 -> starting Map 3/5,
20994290,GA,Gen 487 -> starting Map 4/5,
21001335,GA,Gen 487 -> starting Map 5/5,
21004341,GA,Gen 486 | 1203 agents | tournament k=2 → 100 offspring,
21004367,GA,Gen 488 started | 100 founders | RL=true,
21018783,GA,Gen 488 -> starting Map 2/5,
21027206,GA,Gen 488 -> starting Map 3/5,
21038071,GA,Gen 488 -> starting Map 4/5,
21052902,GA,Gen 488 -> starting Map 5/5,
21056459,GA,Gen 487 | 911 agents | tournament k=2 → 100 offspring,
21056482,GA,Gen 489 started | 100 founders | RL=true,
21067577,GA,Gen 489 -> starting Map 2/5,
21090101,GA,Gen 489 -> starting Map 3/5,
21100772,GA,Gen 489 -> starting Map 4/5,
21110442,GA,Gen 489 -> starting Map 5/5,
21116475,GA,Gen 488 | 1083 agents | tournament k=2 → 100 offspring,
21116496,GA,Gen 490 started | 100 founders | RL=true,
21131785,GA,Gen 490 -> starting Map 2/5,
21154011,GA,Gen 490 -> starting Map 3/5,
21174447,GA,Gen 490 -> starting Map 4/5,
21180366,GA,Gen 490 -> starting Map 5/5,
22050236,GA,Gen 504 | 1211 agents | tournament k=2 → 100 offspring,
22050261,GA,Gen 506 started | 100 founders | RL=true,
22062554,GA,Gen 506 -> starting Map 2/5,
22071129,GA,Gen 506 -> starting Map 3/5,
22084156,GA,Gen 506 -> starting Map 4/5,
22099687,GA,Gen 506 -> starting Map 5/5,
22103960,GA,Gen 505 | 955 agents | tournament k=2 → 100 offspring,
22103984,GA,Gen 507 started | 100 founders | RL=true,
22114761,GA,Gen 507 -> starting Map 2/5,
22132822,GA,Gen 507 -> starting Map 3/5,
22142068,GA,Gen 507 -> starting Map 4/5,
22152221,GA,Gen 507 -> starting Map 5/5,
22160650,GA,Gen 506 | 1036 agents | tournament k=2 → 100 offspring,
22160672,GA,Gen 508 started | 100 founders | RL=true,
22176319,GA,Gen 508 -> starting Map 2/5,
22197733,GA,Gen 508 -> starting Map 3/5,
22219143,GA,Gen 508 -> starting Map 4/5,
22226750,GA,Gen 508 -> starting Map 5/5,
22229701,GA,Gen 507 | 1274 agents | tournament k=2 → 100 offspring,
22229723,GA,Gen 509 started | 100 founders | RL=true,
22243750,GA,Gen 509 -> starting Map 2/5,
22253962,GA,Gen 509 -> starting Map 3/5,
22268707,GA,Gen 509 -> starting Map 4/5,
22282320,GA,Gen 509 -> starting Map 5/5,
22285521,GA,Gen 508 | 1001 agents | tournament k=2 → 100 offspring,
22285549,GA,Gen 510 started | 100 founders | RL=true,
22295865,GA,Gen 510 -> starting Map 2/5,
22313938,GA,Gen 510 -> starting Map 3/5,
22323261,GA,Gen 510 -> starting Map 4/5,
22331331,GA,Gen 510 -> starting Map 5/5,