generation,map_seed,condition,wall_clock_s,generation_ticks,total_agents,peak_population,avg_energy_at_tick_1000,avg_energy_end,avg_fitness,top20percent_fitness,best_fitness,avg_lifetime,avg_learned_weight_diff,inter_gen_weight_change,genome_variance,avg_network_weight_mag
1,1,learning,21.2,10000,258,183,0.000,-0.919,5.4302,15.3041,37.0000,2065.1,0.005298,0.000000,0.017966,0.1376
2,1,learning,31.6,10000,138,129,0.000,-0.948,2.8780,8.6463,23.0000,1987.4,0.004747,0.001286,0.018122,0.1389
3,1,learning,43.2,10000,159,126,0.000,-1.013,3.4899,9.7068,29.0000,2021.7,0.005142,0.001946,0.017578,0.1408
4,1,learning,62.1,10000,298,179,0.000,-0.478,5.5016,13.4529,31.5100,2062.9,0.005596,0.004398,0.017316,0.1452
5,1,learning,75.1,10000,200,149,0.000,-0.956,4.1092,11.1527,26.5100,1997.7,0.005564,0.002595,0.017872,0.1478
6,1,learning,89.7,10000,211,127,0.000,-0.692,4.3555,11.2857,29.5000,2024.8,0.005801,0.002447,0.017740,0.1502
7,1,learning,108.1,10000,294,194,0.000,-0.844,5.7305,14.6555,28.0200,2064.6,0.005905,0.003322,0.018263,0.1535
8,1,learning,120.9,10000,203,151,0.000,-0.835,4.4508,11.6240,28.5100,2001.7,0.005760,0.002777,0.018626,0.1563
9,1,learning,138.1,10000,279,151,0.000,-0.827,4.9794,13.4096,41.0000,2028.8,0.006074,0.003794,0.018243,0.1601
10,1,learning,156.7,10000,302,206,0.000,-0.815,5.7550,15.9090,45.5100,2064.9,0.006071,0.002818,0.018461,0.1629
11,1,learning,171.0,10000,207,173,0.000,-0.867,3.7803,11.1851,35.5000,1990.5,0.005684,0.001874,0.018763,0.1648
12,1,learning,186.4,10000,217,132,0.000,-0.861,4.1716,11.8947,32.0000,2029.3,0.005906,0.002402,0.018692,0.1672
13,1,learning,218.0,10000,371,220,0.000,-0.767,6.0500,16.8268,32.5000,2058.0,0.005971,0.003537,0.019328,0.1707
14,1,learning,230.9,10000,198,156,0.000,-0.936,4.2303,10.5456,17.0000,1994.2,0.005603,0.001264,0.018431,0.1720
15,1,learning,242.8,10000,177,133,0.000,-0.938,3.5426,9.7237,18.0000,2020.2,0.005441,0.002420,0.018559,0.1744
16,1,learning,265.9,10000,385,228,0.000,-0.786,5.6063,16.3981,34.0200,2047.2,0.005970,0.003454,0.019460,0.1779
17,1,learning,278.2,10000,169,157,0.000,-0.824,3.8918,10.5724,20.5200,1990.1,0.005427,0.000883,0.019742,0.1788
18,1,learning,292.6,10000,224,134,0.000,-0.938,4.5714,12.2195,35.0000,2033.8,0.005760,0.003684,0.020119,0.1825
19,1,learning,317.8,10000,428,268,0.000,-0.205,6.4467,17.3100,48.0200,2049.8,0.006070,0.003252,0.020301,0.1858
20,1,learning,331.1,10000,194,159,0.000,-0.850,3.9646,10.4608,21.0000,2000.4,0.005709,0.001970,0.020753,0.1878
21,1,learning,347.8,10000,255,148,0.000,0.193,4.8755,12.2175,29.5000,2008.7,0.006089,0.002767,0.020907,0.1906
22,1,learning,372.7,10000,421,242,0.000,-0.789,6.2295,16.8561,34.0100,2058.4,0.005913,0.002802,0.021302,0.1934
23,1,learning,386.9,10000,208,172,0.000,-0.835,4.3905,12.0288,21.5000,2002.6,0.005701,0.001363,0.021284,0.1948
24,1,learning,402.1,10000,230,143,0.000,-0.063,4.7766,11.9880,23.0400,2018.3,0.005935,0.002691,0.021539,0.1975
25,1,learning,427.0,10000,411,282,0.000,-0.847,6.3064,16.6463,38.0000,2055.3,0.005965,0.002943,0.021940,0.2004
26,1,learning,444.5,10000,270,194,0.000,-0.217,4.7760,12.1059,29.5100,2000.1,0.006004,0.003133,0.021754,0.2035
27,1,learning,461.2,10000,253,155,0.000,-0.365,5.0338,13.0946,36.0000,2024.6,0.006178,0.002112,0.022450,0.2056
28,1,learning,487.9,10000,435,288,0.000,-0.797,6.3291,17.5107,43.5000,2053.6,0.006222,0.003206,0.022784,0.2088
29,1,learning,505.2,10000,288,195,0.000,-0.891,5.2414,12.2863,23.5300,2015.1,0.006332,0.002316,0.022951,0.2111
30,1,learning,520.3,10000,223,144,0.000,-0.953,4.6791,12.0691,35.0000,2027.9,0.006136,0.003299,0.023446,0.2144
31,1,learning,546.7,10000,445,292,0.000,-0.498,6.6863,18.1727,51.0000,2048.1,0.006170,0.003409,0.024292,0.2178
32,1,learning,564.1,10000,287,222,0.000,-0.750,4.8841,13.1079,34.0000,2011.0,0.005897,0.001820,0.024894,0.2196
33,1,learning,579.8,10000,237,152,0.000,-0.858,4.7071,12.5194,39.5000,2029.5,0.005946,0.002942,0.024181,0.2225
34,1,learning,609.5,10000,510,296,0.000,-0.851,6.3704,16.7221,45.5000,2050.5,0.005941,0.003492,0.025222,0.2260
35,1,learning,626.3,10000,263,230,0.000,-0.811,4.9683,12.5898,25.0000,2004.0,0.005748,0.001123,0.025538,0.2271
36,1,learning,646.3,10000,315,168,0.000,0.670,5.1559,13.2335,32.5100,2017.5,0.005840,0.002997,0.025699,0.2301
37,1,learning,675.2,10000,484,294,0.000,-0.776,6.1976,17.3407,40.0100,2053.8,0.006012,0.002788,0.026217,0.2329
38,1,learning,693.2,10000,301,209,0.000,-0.532,5.1395,12.8790,39.5200,2013.7,0.005875,0.002629,0.026638,0.2355
39,1,learning,710.4,10000,271,178,0.000,-0.821,4.9983,12.1804,28.0000,2033.9,0.005918,0.002115,0.025996,0.2376
40,1,learning,734.5,10000,396,263,0.000,-0.886,5.7954,14.7466,34.5000,2058.5,0.005901,0.002047,0.026019,0.2396
41,1,learning,752.3,10000,293,232,0.000,-0.829,5.3557,14.9169,30.0100,2012.7,0.005734,0.001554,0.026624,0.2412
42,1,learning,768.5,10000,250,157,0.000,-0.886,5.0262,13.4028,44.0000,2030.2,0.005919,0.001853,0.026426,0.2431
43,1,learning,796.6,10000,474,310,0.000,-0.788,6.3115,17.2637,37.0000,2051.0,0.005856,0.001471,0.026967,0.2446
44,1,learning,813.4,10000,260,218,0.000,-0.820,4.9071,12.5542,23.0700,2006.7,0.005888,0.001162,0.027101,0.2458
45,1,learning,831.9,10000,292,169,0.000,-0.965,4.9730,12.2633,26.5000,2026.5,0.005987,0.002179,0.027457,0.2480
46,1,learning,863.4,10000,542,341,0.000,-0.797,6.4559,18.2774,44.5000,2047.9,0.005977,0.001949,0.027593,0.2499
47,1,learning,881.0,10000,279,229,0.000,-0.673,5.0937,14.4413,31.0100,2015.4,0.005847,0.001754,0.028383,0.2517
48,1,learning,897.8,10000,261,154,0.000,-0.909,5.1212,13.1135,25.5100,2033.1,0.006032,0.001323,0.028415,0.2530
49,1,learning,927.9,10000,525,346,0.000,-0.804,6.7689,18.3391,47.0000,2052.1,0.005962,0.001659,0.028182,0.2547
50,1,learning,943.8,10000,248,199,0.000,-0.783,4.9141,13.1363,33.0000,2008.8,0.006003,0.002032,0.028344,0.2567
51,1,learning,960.5,10000,257,153,0.000,-0.873,5.1616,13.9863,38.5100,2026.2,0.006090,0.001909,0.028102,0.2586
52,1,learning,987.7,10000,469,322,0.000,-0.806,6.4177,18.5554,41.0100,2057.8,0.005929,0.003170,0.028655,0.2618
53,1,learning,1004.3,10000,258,218,0.000,-0.739,4.7727,11.8322,27.0000,2009.5,0.005898,0.000987,0.028986,0.2628
54,1,learning,1021.3,10000,264,154,0.000,-0.853,5.2189,12.5760,33.0300,2029.0,0.006171,0.001638,0.029058,0.2644
55,1,learning,1051.5,10000,516,344,0.000,-0.244,6.5064,17.8847,54.5000,2050.5,0.006030,0.002820,0.029241,0.2672
56,1,learning,1067.8,10000,244,227,0.000,-0.715,5.0186,13.0485,28.5200,2008.4,0.005944,0.000470,0.029556,0.2677
57,1,learning,1084.3,10000,250,160,0.000,-0.933,4.9026,12.3162,28.0000,2028.3,0.006108,0.002242,0.028754,0.2699
58,1,learning,1114.6,10000,517,317,0.000,-0.659,6.4225,18.1621,43.0000,2053.0,0.005982,0.002450,0.029873,0.2723
59,1,learning,1134.6,10000,337,252,0.000,-0.812,5.5853,14.8954,32.0000,2019.4,0.006102,0.001748,0.029838,0.2740
60,1,learning,1151.7,10000,256,164,0.000,0.312,4.6088,11.9943,36.0100,2014.6,0.005726,0.002376,0.029636,0.2764
61,1,learning,1184.7,10000,570,382,0.000,-0.805,6.4091,18.4537,47.0000,2054.9,0.005781,0.002841,0.030362,0.2792
62,1,learning,1202.5,10000,294,233,0.000,-0.431,5.1539,14.1786,25.5300,2016.3,0.005655,0.001803,0.031469,0.2810
63,1,learning,1218.1,10000,232,152,0.000,-0.967,4.7998,12.5530,43.5100,2035.0,0.005793,0.002455,0.030880,0.2835
64,1,learning,1252.1,10000,576,358,0.000,-0.783,6.2695,17.1440,36.0000,2051.9,0.005760,0.002604,0.031041,0.2861
65,1,learning,1269.3,10000,259,249,0.000,-0.769,5.3970,14.7504,36.5000,2010.6,0.005605,0.000610,0.031617,0.2867
66,1,learning,1287.1,10000,276,179,0.000,-0.909,5.0875,13.7944,35.5000,2034.8,0.005796,0.000663,0.030647,0.2874
67,1,learning,1314.6,10000,458,331,0.000,-0.831,6.2626,16.6060,31.5700,2060.5,0.005783,0.001849,0.030923,0.2892
68,1,learning,1332.6,10000,270,233,0.000,-0.141,4.9332,12.7211,25.0000,2009.7,0.005463,0.001105,0.031261,0.2903
69,1,learning,1352.7,10000,318,197,0.000,-0.847,5.6211,14.6887,34.0200,2033.9,0.005850,0.001666,0.030985,0.2920
70,1,learning,1385.9,10000,561,342,0.000,-0.766,6.1988,17.6289,51.0000,2050.3,0.005772,0.002815,0.031709,0.2948
71,1,learning,1406.6,10000,338,286,0.000,-0.705,5.0907,13.6396,49.0000,2007.0,0.005764,0.000771,0.031859,0.2956
72,1,learning,1425.5,10000,297,172,0.000,-0.860,4.9444,13.2688,42.5100,2035.9,0.005735,0.001950,0.032680,0.2975
73,1,learning,1455.9,10000,515,338,0.000,-0.756,6.2749,17.0883,36.0100,2049.8,0.005785,0.002231,0.032906,0.2997
74,1,learning,1474.1,10000,289,244,0.000,-0.655,5.2830,13.6858,29.0300,2012.6,0.005783,0.001774,0.033258,0.3015
75,1,learning,1492.6,10000,289,187,0.000,-0.922,5.3274,13.3056,31.0000,2036.4,0.005671,0.001710,0.033629,0.3032
76,1,learning,1525.4,10000,563,385,0.000,-0.804,6.4663,18.1458,46.5300,2046.3,0.005575,0.001617,0.033296,0.3048
77,1,learning,1544.3,10000,299,255,0.000,-0.719,5.2706,14.3444,29.0000,2017.6,0.005487,0.001196,0.034030,0.3060
78,1,learning,1561.5,10000,271,168,0.000,0.447,4.9671,12.4656,41.5000,2020.6,0.005736,0.003496,0.031085,0.3095
79,1,learning,1602.2,10000,716,441,0.000,-0.687,6.7880,18.9434,46.0000,2050.7,0.005867,0.002127,0.033964,0.3116
80,1,learning,1622.3,10000,335,275,0.000,-0.749,5.1737,14.7133,41.5100,2019.4,0.005754,0.001932,0.034108,0.3135
81,1,learning,1643.5,10000,341,200,0.000,-0.175,5.2448,13.9093,34.0000,2026.3,0.005996,0.002250,0.033627,0.3157
82,1,learning,1676.7,10000,576,339,0.000,-0.836,6.1470,17.5660,42.5000,2047.4,0.005836,0.001370,0.034134,0.3171
83,1,learning,1696.2,10000,321,269,0.000,-0.669,5.1717,14.0483,30.0800,2019.2,0.005587,0.000992,0.034481,0.3181
84,1,learning,1716.6,10000,322,194,0.000,-0.850,5.2863,13.4398,49.5000,2029.6,0.005739,0.002203,0.034168,0.3203
85,1,learning,1750.3,10000,582,388,0.000,-0.542,6.6937,18.3427,54.0100,2042.9,0.005826,0.002440,0.034372,0.3227
86,1,learning,1769.9,10000,316,257,0.000,-0.757,5.2908,13.9556,31.5100,2019.0,0.005821,0.001810,0.035038,0.3245
87,1,learning,1787.8,10000,284,180,0.000,-0.370,5.0178,12.4866,33.0000,2021.2,0.005817,0.001663,0.034119,0.3262
88,1,learning,1819.9,10000,542,340,0.000,-0.767,6.2603,17.4609,46.0000,2052.8,0.005885,0.001574,0.035001,0.3278
89,1,learning,1842.6,10000,387,288,0.000,-0.488,5.5969,15.1364,27.5100,2019.2,0.005812,0.000844,0.035381,0.3286
90,1,learning,1861.1,10000,282,187,0.000,0.573,4.8925,13.2570,45.5000,2017.8,0.005564,0.001543,0.034931,0.3301
91,1,learning,1897.6,10000,628,396,0.000,-0.604,6.5119,19.0184,39.5000,2048.6,0.005929,0.002356,0.035757,0.3325
92,1,learning,1916.3,10000,299,271,0.000,-0.809,5.0136,13.9207,44.5200,2019.5,0.005504,0.000818,0.035797,0.3333
93,1,learning,1937.3,10000,294,180,0.000,-0.912,5.1257,13.6736,38.5000,2023.5,0.006043,0.001490,0.035597,0.3348
94,1,learning,1972.9,10000,605,352,0.000,-0.762,6.1634,17.5995,32.0000,2052.3,0.005828,0.002384,0.034633,0.3372
95,1,learning,1992.4,10000,306,287,0.000,-0.746,5.2443,15.2282,28.0000,2012.0,0.005489,0.000613,0.035624,0.3378
96,1,learning,2017.0,10000,396,196,0.000,-0.763,5.3707,15.3558,64.0000,2027.1,0.005710,0.001899,0.034678,0.3397
97,1,learning,2048.8,10000,535,343,0.000,-0.486,6.3014,17.1377,39.5000,2050.3,0.005744,0.001497,0.034770,0.3412
98,1,learning,2071.5,10000,379,269,0.000,-0.365,5.5244,14.7599,40.0000,2023.5,0.005522,0.000894,0.033681,0.3421
99,1,learning,2095.5,10000,383,220,0.000,-0.267,5.5739,14.4245,28.5300,2028.9,0.005673,0.001461,0.033967,0.3436
100,1,learning,2127.9,10000,551,378,0.000,-0.686,6.2615,17.5105,40.0700,2047.3,0.005363,0.001416,0.034395,0.3450
101,1,learning,2152.1,10000,415,291,0.000,-0.195,5.9372,16.4039,47.0000,2012.7,0.005601,0.002786,0.035042,0.3478
102,1,learning,2174.6,10000,368,204,0.000,-0.805,5.3008,13.6099,28.0200,2032.4,0.005603,0.001872,0.034848,0.3497
103,1,learning,2212.1,10000,644,405,0.000,-0.760,6.5758,18.6204,60.0000,2047.0,0.005697,0.001276,0.035502,0.3510
104,1,learning,2235.6,10000,359,281,0.000,-0.763,5.2791,13.9373,30.5600,2018.1,0.005461,0.001269,0.035478,0.3523
105,1,learning,2261.0,10000,374,227,0.000,-0.806,5.2397,13.7812,31.0000,2029.3,0.005667,0.001613,0.035555,0.3539
106,1,learning,2302.5,10000,682,384,0.000,-0.554,6.4240,18.7468,42.5000,2043.9,0.005745,0.002410,0.036198,0.3563
107,1,learning,2323.0,10000,319,285,0.000,-0.720,5.1954,13.9037,27.0000,2020.8,0.005481,0.000738,0.036167,0.3570
108,1,learning,2344.5,10000,345,210,0.000,0.022,5.3291,12.9299,35.5100,2023.7,0.005666,0.001951,0.036414,0.3590
109,1,learning,2389.8,10000,798,465,0.000,-0.645,6.8818,19.4066,50.5000,2044.7,0.005818,0.002284,0.036013,0.3613
110,1,learning,2410.5,10000,340,269,0.000,-0.753,5.2649,14.1276,32.5200,2023.6,0.005418,0.000999,0.036361,0.3623
111,1,learning,2435.5,10000,421,214,0.000,1.056,5.5262,14.2993,34.0200,2017.9,0.005925,0.000677,0.035511,0.3630
112,1,learning,2472.2,10000,622,409,0.000,-0.736,6.3793,18.5466,44.0000,2050.8,0.005816,0.001727,0.035788,0.3647
113,1,learning,2496.7,10000,417,300,0.000,-0.506,5.6591,15.4673,43.0000,2022.0,0.005659,0.001042,0.035927,0.3657
114,1,learning,2524.0,10000,445,206,0.000,0.289,5.5834,13.8594,45.5100,2022.1,0.005948,0.002221,0.035314,0.3679
115,1,learning,2566.6,10000,746,452,0.000,-0.755,6.7196,19.5337,49.0000,2044.6,0.005877,0.001384,0.034393,0.3693
116,1,learning,2590.2,10000,387,268,0.000,-0.740,5.6452,14.6953,29.0300,2025.2,0.005816,0.001006,0.034775,0.3703
117,1,learning,2614.0,10000,374,211,0.000,0.376,5.5815,14.0832,29.5000,2019.8,0.005862,0.001459,0.034990,0.3718
118,1,learning,2655.8,10000,716,413,0.000,-0.788,6.6505,18.9945,40.5000,2044.3,0.005796,0.001895,0.035834,0.3737
119,1,learning,2680.5,10000,420,299,0.000,-0.707,6.2026,16.7962,41.0100,2026.2,0.005724,0.000773,0.036149,0.3745
120,1,learning,2705.5,10000,424,200,0.000,4.592,5.6697,14.6486,40.5100,1989.9,0.005749,0.001748,0.036502,0.3762
121,1,learning,2747.7,10000,727,467,0.000,-0.591,6.9151,20.0034,47.0100,2051.9,0.005899,0.001339,0.036356,0.3775
122,1,learning,2770.9,10000,395,288,0.000,-0.754,5.5468,14.9259,30.5600,2026.9,0.005575,0.000850,0.036733,0.3783
123,1,learning,2795.0,10000,386,201,0.000,-0.815,5.5579,14.8665,39.5000,2039.8,0.005791,0.000952,0.035869,0.3793
124,1,learning,2837.4,10000,726,409,0.000,-0.703,6.5158,17.7176,39.0300,2043.8,0.005796,0.001765,0.036204,0.3811
125,1,learning,2860.4,10000,393,308,0.000,0.100,5.5915,15.4241,36.5000,2010.5,0.005475,0.000702,0.036958,0.3818
126,1,learning,2890.2,10000,493,231,0.000,0.051,5.8278,16.0284,41.5000,2023.9,0.005799,0.000982,0.037309,0.3828
127,1,learning,2931.1,10000,697,405,0.000,-0.696,6.5191,18.0109,42.1000,2046.7,0.005756,0.001915,0.037030,0.3847
128,1,learning,2954.1,10000,389,289,0.000,-0.214,5.7910,14.9777,38.0500,2020.2,0.005698,0.001083,0.037376,0.3858
129,1,learning,2982.3,10000,472,227,0.000,-0.796,6.0807,16.3222,65.0000,2035.6,0.005797,0.001212,0.036820,0.3870
130,1,learning,3019.5,10000,633,379,0.000,-0.643,6.7266,19.2271,45.5000,2049.2,0.005774,0.000918,0.037017,0.3879
131,1,learning,3045.5,10000,440,336,0.000,-0.696,5.6289,15.2191,32.0000,2012.7,0.005746,0.001246,0.037396,0.3891
132,1,learning,3073.2,10000,464,211,0.000,-0.769,5.5694,15.8090,49.0000,2028.6,0.006008,0.001629,0.037431,0.3907
133,1,learning,3117.2,10000,739,418,0.000,-0.680,6.8062,19.2770,58.0000,2047.9,0.005899,0.001553,0.037771,0.3923
134,1,learning,3143.1,10000,436,300,0.000,-0.181,5.6585,14.4422,31.5000,2021.3,0.005655,0.001903,0.038888,0.3942
135,1,learning,3171.7,10000,463,229,0.000,-0.769,6.0472,15.6725,38.0000,2033.6,0.005939,0.000709,0.039398,0.3949
136,1,learning,3219.0,10000,765,425,0.000,-0.444,6.6568,19.1979,61.5400,2039.2,0.005885,0.001854,0.039473,0.3968
137,1,learning,3245.3,10000,448,330,0.000,-0.639,5.4929,14.7380,41.5200,2032.2,0.005719,0.000951,0.038823,0.3978
138,1,learning,3271.9,10000,437,198,0.000,0.058,5.8479,14.8263,49.5000,2028.1,0.005853,0.001969,0.038815,0.3998
139,1,learning,3322.7,10000,908,475,0.000,-0.709,7.0843,20.1368,57.0000,2048.8,0.005875,0.001371,0.039104,0.4012
140,1,learning,3344.6,10000,377,290,0.000,0.866,5.3385,14.3011,32.5100,2014.0,0.005747,0.001294,0.040541,0.4025
141,1,learning,3370.2,10000,430,214,0.000,-0.749,5.9091,15.1356,35.5000,2021.7,0.006134,0.001399,0.039647,0.4039
142,1,learning,3413.0,10000,759,432,0.000,-0.678,6.5496,18.8909,49.0000,2045.3,0.005881,0.000667,0.040274,0.4046
143,1,learning,3441.3,10000,482,300,0.000,-0.007,5.6715,14.9408,31.5400,2031.7,0.005886,0.001439,0.039581,0.4060
144,1,learning,3468.3,10000,462,207,0.000,1.754,5.7969,14.5828,39.5000,2014.0,0.005883,0.001025,0.039667,0.4070
145,1,learning,3515.3,10000,828,467,0.000,-0.463,6.7460,18.5902,61.0000,2033.3,0.006041,0.000770,0.040078,0.4078
146,1,learning,3540.1,10000,426,318,0.000,-0.614,5.7757,15.5613,33.0100,2030.1,0.005883,0.001468,0.039974,0.4093
147,1,learning,3567.3,10000,453,221,0.000,-0.551,5.8135,14.6906,33.0000,2028.9,0.006020,0.000452,0.040488,0.4098
148,1,learning,3612.2,10000,789,418,0.000,-0.646,6.8023,18.8899,59.0200,2052.3,0.006095,0.001151,0.039897,0.4110
149,1,learning,3643.3,10000,552,335,0.000,1.611,5.9771,15.8318,37.0000,2010.0,0.006025,0.001570,0.040766,0.4126
150,1,learning,3671.8,10000,489,215,0.000,1.192,5.7628,14.4349,29.5000,2013.4,0.006083,0.002356,0.041030,0.4150
151,1,learning,3719.3,10000,863,458,0.000,0.465,6.8941,19.7163,64.5100,2038.8,0.006221,0.001001,0.041651,0.4160
152,1,learning,3745.0,10000,442,283,0.000,-0.080,5.7116,15.1323,37.5400,2023.9,0.006063,0.001334,0.042170,0.4173
153,1,learning,3776.7,10000,555,252,0.000,0.242,6.0614,15.8663,47.5000,2029.8,0.006151,0.001283,0.042380,0.4186
154,1,learning,3824.0,10000,846,387,0.000,-0.294,6.8380,18.8083,44.0100,2041.0,0.006177,0.000757,0.042257,0.4194
155,1,learning,3847.4,10000,414,326,0.000,-0.658,5.6943,15.6856,41.0000,2008.4,0.006049,0.001004,0.042336,0.4204
156,1,learning,3877.9,10000,515,271,0.000,-0.577,5.8654,15.9387,36.0000,2031.6,0.006181,0.000780,0.042242,0.4212
157,1,learning,3923.5,10000,808,420,0.000,-0.496,6.6501,18.8325,44.5100,2042.0,0.006080,0.001854,0.042465,0.4231
158,1,learning,3954.9,10000,544,300,0.000,0.380,5.9172,15.2467,29.0000,2016.3,0.006135,0.001631,0.042325,0.4247
159,1,learning,3989.4,10000,623,287,0.000,1.697,6.2715,16.1873,44.5000,2008.2,0.006371,0.001234,0.042885,0.4259
160,1,learning,4036.3,10000,837,413,0.000,-0.009,6.8491,19.6096,74.0000,2043.2,0.006270,0.001626,0.042240,0.4275
161,1,learning,4069.4,10000,582,333,0.000,0.757,5.8137,15.7020,39.0200,2005.8,0.006271,0.000141,0.042945,0.4276
162,1,learning,4098.9,10000,517,214,0.000,1.928,5.9063,15.3188,43.0300,2015.2,0.006198,0.001058,0.041047,0.4287
163,1,learning,4145.7,10000,839,428,0.000,-0.644,6.8593,19.4962,47.5300,2049.3,0.006203,0.001244,0.041959,0.4299
164,1,learning,4175.7,10000,511,279,0.000,-0.026,6.1263,15.3953,29.5000,2023.4,0.006166,0.001673,0.040349,0.4316
165,1,learning,4208.5,10000,589,242,0.000,2.168,6.0929,15.8515,48.0000,2006.8,0.006446,0.001683,0.040192,0.4333
166,1,learning,4261.4,10000,970,460,0.000,0.017,6.9004,19.2797,56.5000,2039.9,0.006438,0.001170,0.040034,0.4345
167,1,learning,4284.2,10000,394,312,0.000,-0.724,5.5277,14.7521,27.5100,2020.6,0.006258,0.000387,0.039042,0.4349
168,1,learning,4315.1,10000,544,229,0.000,2.004,5.9337,14.7100,39.0000,2012.8,0.006306,0.001496,0.040371,0.4364
169,1,learning,4373.9,10000,1084,519,0.000,-0.071,7.1693,20.1694,43.0000,2041.4,0.006235,0.001337,0.039800,0.4377
170,1,learning,4404.2,10000,521,283,0.000,0.067,5.7790,14.3919,36.0000,2022.4,0.006417,0.001415,0.039506,0.4391
171,1,learning,4438.0,10000,608,248,0.000,3.179,6.2973,16.5021,59.5000,1991.8,0.006487,0.002005,0.039067,0.4411
172,1,learning,4486.5,10000,872,423,0.000,-0.111,6.7900,19.3019,47.0000,2045.3,0.006291,0.001233,0.039841,0.4423
173,1,learning,4517.4,10000,534,304,0.000,1.912,6.0989,15.8482,42.0000,2020.8,0.006254,0.001141,0.039863,0.4434
174,1,learning,4556.3,10000,674,316,0.000,3.191,6.3420,17.3048,43.0000,2003.3,0.006371,0.000990,0.039576,0.4444
175,1,learning,4613.1,10000,973,479,0.000,-0.359,7.0142,19.7399,52.5000,2036.1,0.006112,0.000495,0.040962,0.4449
176,1,learning,4645.8,10000,565,308,0.000,0.872,6.0506,15.4381,36.5100,2018.2,0.006357,0.001597,0.041412,0.4465
177,1,learning,4678.6,10000,584,256,0.000,4.327,6.3959,16.8908,36.0100,1995.2,0.006392,0.001439,0.040140,0.4479
178,1,learning,4727.4,10000,890,412,0.000,0.307,6.9473,20.0612,64.5100,2031.8,0.006264,0.001205,0.040326,0.4491
179,1,learning,4767.8,10000,713,333,0.000,-0.449,6.6405,17.4724,52.0000,2024.3,0.006512,0.001350,0.040318,0.4504
180,1,learning,4805.8,10000,680,282,0.000,3.846,6.3303,16.7651,44.0000,1988.7,0.006340,0.000851,0.040399,0.4513
181,1,learning,4862.6,10000,1041,527,0.000,0.945,6.9422,20.3526,57.5000,2026.4,0.006086,0.000820,0.040216,0.4521
182,1,learning,4893.6,10000,534,300,0.000,0.179,5.9280,15.7950,36.0000,2019.3,0.006326,0.000859,0.041255,0.4530
183,1,learning,4930.0,10000,640,285,0.000,2.031,6.3355,16.3019,47.5000,2020.0,0.006404,0.000828,0.041479,0.4538
184,1,learning,4983.4,10000,956,411,0.000,-0.243,7.0287,19.6103,48.5200,2042.0,0.006222,0.000392,0.042255,0.4542
185,1,learning,5018.3,10000,612,320,0.000,-0.323,5.9433,15.5893,32.0000,2015.8,0.006332,0.001304,0.042168,0.4555
186,1,learning,5055.1,10000,653,311,0.000,2.590,6.3284,17.4638,54.0100,2011.7,0.006483,0.000483,0.042263,0.4560
187,1,learning,5107.0,10000,941,435,0.000,0.047,6.7965,18.8127,49.5000,2039.5,0.006183,0.000637,0.042718,0.4566
188,1,learning,5141.4,10000,596,310,0.000,0.548,6.2188,15.7707,35.0000,2021.2,0.006491,0.000706,0.043373,0.4573
189,1,learning,5184.4,10000,782,379,0.000,2.847,6.5448,17.0394,45.0000,2012.1,0.006460,0.001082,0.042578,0.4584
190,1,learning,5238.0,10000,984,416,0.000,1.285,7.2158,20.6611,54.0000,2032.2,0.006346,0.001433,0.043198,0.4598
191,1,learning,5278.8,10000,721,335,0.000,0.280,6.1654,16.8716,42.0100,2022.6,0.006428,0.000645,0.042831,0.4604
192,1,learning,5314.3,10000,632,311,0.000,0.748,6.2878,17.1648,64.0100,2028.0,0.006297,0.001204,0.043726,0.4616
193,1,learning,5372.9,10000,1065,490,0.000,0.136,7.0356,19.9830,49.5000,2043.0,0.006255,0.001560,0.043723,0.4632
194,1,learning,5406.4,10000,573,285,0.000,1.003,6.1811,15.8932,33.5200,2011.0,0.006165,0.000962,0.043013,0.4642
195,1,learning,5445.9,10000,702,287,0.000,1.801,6.2710,16.1944,42.5000,2007.8,0.006438,0.000710,0.043119,0.4649
196,1,learning,5504.7,10000,1085,496,0.000,0.598,6.8943,19.5668,51.0000,2035.6,0.006320,0.000920,0.044432,0.4658
197,1,learning,5539.8,10000,610,303,0.000,0.769,6.1704,16.2741,42.5000,2013.2,0.006585,0.001558,0.043360,0.4674
198,1,learning,5578.2,10000,675,257,0.000,4.444,6.2844,16.1168,49.0000,1995.3,0.006465,0.000213,0.043958,0.4676
199,1,learning,5639.4,10000,1146,522,0.000,0.494,7.2834,20.9093,57.0000,2040.8,0.006111,0.001170,0.043716,0.4688
200,1,learning,5674.3,10000,612,314,0.000,1.668,5.8217,16.1814,46.0100,2006.5,0.006422,0.001431,0.044114,0.4702
201,1,learning,5711.2,10000,655,276,0.000,3.142,6.3647,15.5615,46.5000,1999.5,0.006500,0.000669,0.043864,0.4709
202,1,learning,5763.5,10000,945,408,0.000,-0.315,6.9066,20.3007,50.0000,2049.2,0.006150,0.001023,0.044125,0.4719
203,1,learning,5800.4,10000,636,314,0.000,0.297,6.2264,16.3323,32.5000,2029.1,0.006267,0.001628,0.044609,0.4735
204,1,learning,5838.2,10000,682,335,0.000,3.690,6.4466,16.8185,53.5000,2002.4,0.006289,0.001655,0.044372,0.4752
205,1,learning,5897.8,10000,1099,506,0.000,0.069,7.1288,20.2450,57.0000,2034.1,0.006174,0.000961,0.045342,0.4762
206,1,learning,5938.9,10000,717,318,0.000,0.525,6.2489,16.5220,37.5000,2020.6,0.006568,0.000988,0.044854,0.4772
207,1,learning,5975.7,10000,653,264,0.000,5.919,6.0962,15.2808,41.5200,1987.9,0.006476,0.001378,0.041740,0.4786
208,1,learning,6027.6,10000,951,425,0.000,0.482,6.9679,19.6730,44.0000,2041.1,0.006336,0.000723,0.043929,0.4793
209,1,learning,6073.9,10000,831,327,0.000,-0.557,6.3153,16.5664,44.5000,2026.7,0.006549,0.001795,0.042897,0.4811
210,1,learning,6112.5,10000,688,287,0.000,6.592,6.4733,17.0645,50.0100,1983.1,0.006574,0.001329,0.041118,0.4824
211,1,learning,6169.0,10000,1046,483,0.000,1.464,7.0028,21.0330,57.0000,2021.1,0.006271,0.000910,0.042907,0.4833
212,1,learning,6208.6,10000,689,314,0.000,-0.033,5.8726,16.3572,41.5000,2027.9,0.006335,0.000375,0.041941,0.4837
213,1,learning,6244.9,10000,645,314,0.000,2.930,6.3514,16.9052,40.0000,2016.9,0.006448,0.001137,0.041944,0.4848
214,1,learning,6298.5,10000,983,453,0.000,-0.054,6.9544,19.9389,65.5100,2039.0,0.006247,0.000742,0.042356,0.4855
215,1,learning,6334.7,10000,636,349,0.000,0.259,6.0535,16.6231,49.5000,2011.6,0.006656,0.000718,0.042079,0.4862
216,1,learning,6376.5,10000,765,351,0.000,8.520,6.5328,18.1171,58.0200,1970.5,0.006696,0.000744,0.042956,0.4869
217,1,learning,6427.6,10000,928,410,0.000,2.342,6.8758,19.2635,55.5100,2026.8,0.006483,0.000971,0.043291,0.4879
218,1,learning,6461.3,10000,590,308,0.000,0.422,6.2272,16.3681,45.5200,2023.2,0.006569,0.000721,0.043473,0.4886
219,1,learning,6502.9,10000,759,357,0.000,4.177,6.4655,17.5210,49.5100,1996.3,0.006638,0.000871,0.042817,0.4895
220,1,learning,6555.9,10000,968,424,0.000,1.006,6.9773,19.6315,54.5200,2030.5,0.006528,0.000628,0.043743,0.4901
221,1,learning,6590.3,10000,608,345,0.000,0.213,6.2280,17.8478,47.5000,2017.9,0.006613,0.000605,0.043803,0.4907
222,1,learning,6626.2,10000,639,331,0.000,0.254,6.0407,17.3479,47.0000,2030.6,0.006351,0.000531,0.043131,0.4912
223,1,learning,6680.4,10000,989,466,0.000,0.417,7.0546,19.5099,44.0100,2043.0,0.006486,0.001343,0.042935,0.4925
224,1,learning,6718.5,10000,669,307,0.000,-0.218,6.1122,15.6686,36.5000,2027.9,0.006511,0.000041,0.043308,0.4925
225,1,learning,6752.4,10000,601,267,0.000,1.933,6.4736,16.5143,39.0200,2009.7,0.006750,0.000820,0.043356,0.4933
226,1,learning,6808.6,10000,1028,472,0.000,-0.383,7.1020,19.9650,58.0200,2040.0,0.006604,0.000280,0.043405,0.4936
227,1,learning,6843.0,10000,602,318,0.000,1.023,5.8034,16.2562,37.5000,2018.6,0.006812,0.001496,0.043949,0.4951
228,1,learning,6876.8,10000,602,231,0.000,4.254,6.3833,16.1151,42.0000,2003.7,0.006762,-0.000012,0.043264,0.4951
229,1,learning,6934.7,10000,1077,462,0.000,0.047,7.4099,21.0167,66.5000,2044.4,0.006497,0.000537,0.044897,0.4956
230,1,learning,6969.4,10000,611,274,0.000,1.144,6.0459,16.7928,63.0100,2010.6,0.006856,0.000097,0.043392,0.4957
231,1,learning,7008.6,10000,718,350,0.000,5.351,6.4524,17.5542,45.5000,1991.8,0.006768,0.000350,0.042743,0.4960
232,1,learning,7061.0,10000,956,463,0.000,0.228,7.0204,19.8639,61.0000,2041.6,0.006626,0.001059,0.044404,0.4971
233,1,learning,7101.5,10000,713,320,0.000,0.196,6.0968,16.1413,42.5000,2025.1,0.006648,0.000566,0.044905,0.4977
234,1,learning,7140.3,10000,705,335,0.000,3.308,6.4239,17.3144,59.5000,2006.0,0.006652,0.001211,0.044915,0.4989
235,1,learning,7194.3,10000,990,464,0.000,-0.320,7.2851,20.1395,55.0000,2036.8,0.006478,0.000504,0.044354,0.4994
236,1,learning,7232.3,10000,673,299,0.000,1.241,6.1268,15.8615,35.5000,2011.4,0.006936,0.000903,0.043718,0.5003
237,1,learning,7265.9,10000,600,246,0.000,5.834,6.3991,16.7466,41.5000,1985.5,0.006783,0.000519,0.044667,0.5008
238,1,learning,7315.2,10000,911,415,0.000,-0.232,7.0234,20.5336,60.0200,2048.1,0.006512,0.000728,0.044494,0.5015
239,1,learning,7358.7,10000,783,316,0.000,0.231,6.3243,16.9551,35.5000,2018.4,0.006737,0.000665,0.045120,0.5022
240,1,learning,7400.1,10000,743,310,0.000,5.890,6.4670,17.0353,40.0000,1986.4,0.006841,0.000909,0.044576,0.5031
241,1,learning,7458.4,10000,1095,489,0.000,0.900,7.0018,20.1672,57.5300,2027.4,0.006526,0.000639,0.044634,0.5037
242,1,learning,7494.2,10000,624,297,0.000,-0.154,6.0980,16.1410,34.0100,2022.3,0.006741,0.001271,0.044585,0.5050
243,1,learning,7534.8,10000,739,363,0.000,4.046,6.4897,17.4852,48.0000,2001.3,0.006674,0.000691,0.044550,0.5057
244,1,learning,7592.2,10000,1070,452,0.000,2.178,7.0451,19.6144,68.0100,2021.1,0.006572,0.001095,0.043898,0.5068
245,1,learning,7629.4,10000,650,324,0.000,0.474,6.2830,17.0096,41.5000,2011.5,0.006723,0.000842,0.044921,0.5076
246,1,learning,7672.6,10000,783,362,0.000,5.940,6.3332,17.6589,48.0000,1986.0,0.006933,0.000559,0.044515,0.5082
247,1,learning,7726.4,10000,982,456,0.000,0.733,7.0312,19.6045,50.0000,2034.3,0.006817,0.000784,0.043779,0.5090
248,1,learning,7766.7,10000,712,314,0.000,0.899,6.3526,17.0743,48.5000,2014.1,0.006917,0.000645,0.043834,0.5096
249,1,learning,7814.7,10000,874,404,0.000,2.782,6.8447,18.5361,50.0000,2011.0,0.007013,0.000997,0.043576,0.5106
250,1,learning,7871.3,10000,1031,446,0.000,1.618,7.1774,19.6743,42.0000,2031.3,0.006837,0.001614,0.043438,0.5122
251,1,learning,7915.8,10000,796,343,0.000,0.805,6.3000,16.9324,56.5000,2016.4,0.006960,0.000400,0.043507,0.5126
252,1,learning,7957.6,10000,747,325,0.000,4.246,6.3516,17.2311,39.5000,1994.7,0.006896,-0.000004,0.043938,0.5126
253,1,learning,8015.6,10000,1062,481,0.000,0.252,7.2558,20.2951,61.5000,2042.7,0.006951,0.000327,0.044346,0.5129
254,1,learning,8057.8,10000,748,301,0.000,1.554,6.3192,16.4195,37.0000,2013.7,0.006973,0.001490,0.044031,0.5144
255,1,learning,8100.1,10000,767,351,0.000,4.368,6.3754,16.5810,44.0000,1986.8,0.006827,0.000904,0.044037,0.5153
256,1,learning,8158.1,10000,1066,502,0.000,0.210,7.3467,20.3398,56.0000,2032.5,0.006920,-0.000168,0.043905,0.5151
257,1,learning,8201.0,10000,751,310,0.000,1.365,6.5499,17.3481,39.0000,2015.6,0.006966,0.000891,0.043080,0.5160
258,1,learning,8245.6,10000,800,344,0.000,3.867,6.4456,16.7004,56.0000,2000.6,0.006905,0.000404,0.043144,0.5164
259,1,learning,8311.9,10000,1252,543,0.000,1.649,7.7569,21.5811,85.5200,2027.1,0.006856,0.001198,0.042799,0.5176
260,1,learning,8353.8,10000,756,304,0.000,2.836,6.1281,16.7738,39.0000,1999.1,0.006961,0.000725,0.042117,0.5183
261,1,learning,8400.9,10000,856,362,0.000,5.876,6.4830,17.1060,44.0000,1986.0,0.006906,0.001134,0.042843,0.5194
262,1,learning,8457.3,10000,1034,483,0.000,1.280,7.1343,20.3652,45.0100,2033.2,0.006770,0.000683,0.043674,0.5201
263,1,learning,8500.6,10000,764,303,0.000,1.800,6.4732,17.3651,50.0000,2023.3,0.006910,0.000603,0.043622,0.5207
264,1,learning,8545.8,10000,834,395,0.000,8.306,6.6504,18.4643,50.0000,1966.7,0.006788,0.000527,0.042333,0.5212
265,1,learning,8610.4,10000,1205,538,0.000,1.665,7.2557,20.3995,50.0000,2020.4,0.006691,0.000512,0.041125,0.5217
266,1,learning,8662.4,10000,926,346,0.000,0.797,6.3356,16.9870,45.0000,2017.3,0.006923,0.000722,0.042968,0.5224
267,1,learning,8707.3,10000,803,295,0.000,5.346,6.5538,16.4723,43.0000,1990.7,0.007034,0.000307,0.042729,0.5227
268,1,learning,8767.5,10000,1123,446,0.000,2.458,7.3139,21.8177,61.0000,2026.3,0.006778,0.000559,0.041693,0.5233
269,1,learning,8820.5,10000,962,342,0.000,0.297,6.4497,17.0991,39.0000,2021.5,0.006960,0.000562,0.042843,0.5239
270,1,learning,8866.8,10000,836,362,0.000,8.001,6.6848,18.0444,43.0000,1973.3,0.006869,0.001239,0.042626,0.5251
271,1,learning,8932.3,10000,1231,582,0.000,2.503,7.3209,20.7018,52.5200,2018.2,0.006757,0.000322,0.043681,0.5254
272,1,learning,8972.7,10000,710,305,0.000,1.044,6.1425,16.1137,42.0000,2009.2,0.006843,0.000775,0.043389,0.5262
273,1,learning,9017.4,10000,810,366,0.000,5.894,6.5801,17.7443,48.0000,1988.6,0.006820,0.000943,0.043805,0.5271
274,1,learning,9078.5,10000,1131,495,0.000,1.011,7.5862,21.0249,52.5000,2032.3,0.006772,0.000549,0.043070,0.5276
275,1,learning,9122.9,10000,784,346,0.000,-0.261,6.6409,17.5337,39.0000,2021.9,0.006965,-0.000163,0.043258,0.5274
276,1,learning,9171.0,10000,871,386,0.000,6.806,6.8518,18.3131,39.5100,1979.2,0.007091,0.000913,0.043058,0.5283
277,1,learning,9231.2,10000,1102,461,0.000,1.204,7.2278,20.6142,63.0000,2030.4,0.006764,0.000385,0.042917,0.5287
278,1,learning,9275.9,10000,789,314,0.000,0.221,6.6264,17.1008,48.5000,2028.4,0.007139,0.001187,0.041107,0.5299
279,1,learning,9329.3,10000,989,473,0.000,2.900,6.6760,18.0107,54.5000,2007.6,0.006852,-0.000050,0.040043,0.5298
280,1,learning,9391.0,10000,1145,452,0.000,3.276,7.3308,20.4555,52.0000,2016.3,0.006784,0.000944,0.041761,0.5307
281,1,learning,9441.2,10000,895,364,0.000,0.399,6.5816,17.6623,39.0000,2022.2,0.006979,0.001098,0.041277,0.5318
282,1,learning,9487.5,10000,840,383,0.000,6.028,6.4864,17.9764,47.5000,1990.5,0.006795,0.000258,0.041242,0.5321
283,1,learning,9550.6,10000,1172,501,0.000,1.492,7.4925,21.3509,52.5000,2037.4,0.006809,0.000512,0.040852,0.5326
284,1,learning,9597.4,10000,831,324,0.000,1.978,6.4099,17.0042,55.0000,2011.7,0.006796,0.000703,0.041379,0.5333
285,1,learning,9642.5,10000,808,356,0.000,3.857,6.8038,17.3152,40.5000,2001.1,0.006952,-0.000217,0.041687,0.5331
286,1,learning,9706.0,10000,1172,530,0.000,3.013,7.5724,21.9735,56.0000,2019.2,0.006930,-0.000240,0.042274,0.5329
287,1,learning,9751.1,10000,795,302,0.000,0.683,6.6376,17.6838,49.0100,2017.9,0.006972,0.000533,0.039557,0.5334
288,1,learning,9797.8,10000,839,346,0.000,5.071,6.7194,17.4166,52.0000,1994.1,0.006983,0.000490,0.041248,0.5339
289,1,learning,9867.4,10000,1307,569,0.000,1.460,7.7727,22.2515,61.5100,2027.7,0.006869,0.000858,0.042370,0.5348
290,1,learning,9913.7,10000,818,313,0.000,0.885,6.5278,17.6376,40.0000,2018.6,0.007001,0.000059,0.041877,0.5349
291,1,learning,9961.7,10000,870,396,0.000,5.839,6.6129,17.8398,93.5000,1989.0,0.006946,0.001823,0.041421,0.5367
292,1,learning,10021.7,10000,1084,499,0.000,0.596,7.4131,20.7640,47.5000,2040.9,0.006757,-0.000172,0.040815,0.5365
293,1,learning,10068.5,10000,832,316,0.000,0.945,6.3180,16.3794,35.0000,2021.1,0.006882,0.000464,0.041836,0.5370
294,1,learning,10116.1,10000,869,375,0.000,7.917,6.7566,17.9748,70.5000,1971.9,0.006864,0.000002,0.041580,0.5370
295,1,learning,10179.5,10000,1170,538,0.000,0.397,7.6738,21.5600,61.5100,2035.0,0.006756,0.000625,0.041282,0.5376
296,1,learning,10229.2,10000,876,327,0.000,1.812,6.4777,17.1266,44.0000,2014.0,0.007063,0.000397,0.039853,0.5380
297,1,learning,10278.8,10000,897,321,0.000,8.553,6.5973,17.0618,46.0000,1967.3,0.006885,0.001098,0.040437,0.5391
298,1,learning,10342.8,10000,1187,479,0.000,3.091,7.4670,22.2179,56.0000,2019.5,0.006878,0.000201,0.040925,0.5393
299,1,learning,10396.8,10000,970,314,0.000,0.572,6.9312,18.3322,47.5000,2028.2,0.006988,0.000728,0.041189,0.5400
300,1,learning,10448.7,10000,952,387,0.000,8.305,6.5763,17.6339,44.0000,1972.2,0.006826,0.001021,0.041150,0.5410
301,1,learning,10513.6,10000,1206,555,0.000,2.247,7.4034,21.3359,51.5000,2022.4,0.006667,0.000319,0.041332,0.5413
302,1,learning,10554.1,10000,710,311,0.000,0.666,6.4662,17.3627,36.0200,2019.9,0.006742,0.000609,0.041169,0.5419
303,1,learning,10599.8,10000,824,383,0.000,5.502,6.7788,18.5860,52.0000,1992.8,0.006816,0.001045,0.042437,0.5429
304,1,learning,10664.0,10000,1199,514,0.000,3.172,7.4794,21.2551,65.0100,2023.2,0.006633,0.000779,0.041831,0.5437
305,1,learning,10709.5,10000,799,309,0.000,-0.036,6.8052,18.6008,44.0000,2027.1,0.006884,0.000147,0.041511,0.5438
306,1,learning,10761.5,10000,958,446,0.000,8.237,6.9679,19.3338,61.5100,1970.7,0.006869,0.001109,0.041537,0.5449
307,1,learning,10827.1,10000,1216,498,0.000,3.756,7.3528,20.7559,61.0000,2014.2,0.006616,0.000478,0.042395,0.5454
308,1,learning,10872.9,10000,819,327,0.000,1.079,6.7461,18.2453,46.0000,2018.4,0.006930,-0.000352,0.041926,0.5450
309,1,learning,10927.3,10000,1011,488,0.000,4.906,6.7686,18.7279,50.5000,1994.6,0.006792,0.000216,0.042919,0.5452
310,1,learning,10990.5,10000,1169,491,0.000,1.657,7.5214,21.2473,62.0000,2032.2,0.006675,0.000541,0.043131,0.5457
311,1,learning,11038.2,10000,856,338,0.000,2.633,6.6212,17.3161,43.0000,2010.2,0.006917,0.000125,0.043107,0.5458
312,1,learning,11084.1,10000,824,374,0.000,5.061,6.5371,18.2351,47.5000,1999.9,0.006835,0.000379,0.043500,0.5462
313,1,learning,11146.8,10000,1147,499,0.000,0.767,7.7704,21.7639,65.0000,2041.1,0.006859,-0.000265,0.043285,0.5459
314,1,learning,11194.8,10000,851,305,0.000,2.945,6.4776,16.7799,53.0200,2010.0,0.006830,0.000397,0.042639,0.5463
315,1,learning,11241.2,10000,829,377,0.000,4.764,6.7331,18.0953,50.5000,1997.8,0.006862,0.000276,0.043564,0.5466
316,1,learning,11307.5,10000,1234,545,0.000,6.099,7.6359,21.0715,51.0200,2000.1,0.006941,0.000503,0.044054,0.5471
317,1,learning,11355.3,10000,850,313,0.000,2.088,6.4694,17.2870,44.5000,2015.7,0.007098,0.000202,0.043858,0.5473
318,1,learning,11402.7,10000,856,365,0.000,6.044,6.6858,17.3978,39.5000,1988.2,0.007042,0.000201,0.044921,0.5475
319,1,learning,11471.2,10000,1274,561,0.000,1.587,8.1399,22.1863,64.0000,2034.5,0.007129,-0.000290,0.044730,0.5472
320,1,learning,11518.1,10000,830,325,0.000,1.341,6.3614,17.6077,39.0100,2016.5,0.007021,-0.000302,0.044969,0.5469
321,1,learning,11570.2,10000,946,414,0.000,6.072,6.7603,17.6676,46.0000,1989.8,0.007014,0.000053,0.043869,0.5470
322,1,learning,11631.4,10000,1100,500,0.000,-0.028,7.6588,22.3684,48.5300,2046.2,0.006912,0.000222,0.042914,0.5472
323,1,learning,11676.8,10000,804,332,0.000,2.502,6.5656,17.0983,44.0000,2011.6,0.006953,0.000376,0.043697,0.5476
324,1,learning,11725.7,10000,897,393,0.000,8.230,6.8477,18.2928,56.5000,1968.6,0.006832,-0.000117,0.043621,0.5475
325,1,learning,11790.1,10000,1184,521,0.000,-0.054,7.7944,21.8914,62.0000,2040.1,0.006826,0.000252,0.043548,0.5478
326,1,learning,11839.7,10000,882,303,0.000,1.763,6.4599,16.8352,41.0000,2009.8,0.006949,0.000058,0.043083,0.5479
327,1,learning,11888.9,10000,888,372,0.000,8.353,6.7537,17.7308,48.0000,1973.1,0.006857,0.000300,0.043478,0.5482
328,1,learning,11955.1,10000,1192,507,0.000,2.123,7.6628,21.8691,54.0000,2031.3,0.006944,0.000317,0.043355,0.5485
329,1,learning,12009.3,10000,966,325,0.000,-0.079,6.7434,17.8731,56.0000,2028.2,0.007056,0.000432,0.042741,0.5489
330,1,learning,12060.4,10000,925,392,0.000,7.448,6.7635,17.9886,46.5100,1985.3,0.006993,0.000345,0.043509,0.5492
331,1,learning,12125.1,10000,1193,531,0.000,3.383,7.8060,21.8210,53.0200,2019.8,0.007048,-0.000302,0.044073,0.5489
332,1,learning,12170.0,10000,788,302,0.000,1.567,6.4629,17.1646,40.0000,2017.7,0.006976,0.001209,0.044613,0.5501
333,1,learning,12218.7,10000,882,383,0.000,5.364,6.7809,18.0926,42.5000,1994.1,0.006975,-0.000248,0.043796,0.5499
334,1,learning,12279.7,10000,1130,506,0.000,2.177,7.6459,21.7964,54.5000,2028.0,0.006941,0.000370,0.045050,0.5503
335,1,learning,12331.8,10000,927,344,0.000,0.106,6.5622,18.1787,49.0100,2026.6,0.006944,0.000561,0.044328,0.5509
336,1,learning,12384.5,10000,970,469,0.000,8.362,6.6842,18.7645,56.0000,1970.9,0.006971,0.000042,0.044886,0.5509
337,1,learning,12449.1,10000,1182,492,0.000,2.488,7.3848,19.9012,45.5000,2026.0,0.006921,0.000553,0.044650,0.5515
338,1,learning,12496.4,10000,837,336,0.000,1.458,6.5999,17.9089,61.5000,2022.9,0.007125,0.000735,0.043965,0.5522
339,1,learning,12551.7,10000,1015,474,0.000,4.797,6.8786,18.3548,58.0000,1995.3,0.007018,0.000306,0.044674,0.5525
340,1,learning,12617.5,10000,1216,494,0.000,3.008,7.3904,20.3874,57.0100,2024.7,0.006811,0.000003,0.043617,0.5525
341,1,learning,12667.3,10000,903,383,0.000,2.809,6.6674,18.0619,54.5100,2009.2,0.007007,0.001014,0.044221,0.5535
342,1,learning,12714.3,10000,855,394,0.000,6.924,6.5320,17.8873,45.5000,1981.4,0.006883,0.001059,0.044898,0.5546
343,1,learning,12779.1,10000,1202,534,0.000,1.312,7.7129,21.7396,74.0100,2039.3,0.006922,0.000957,0.043736,0.5556
344,1,learning,12828.3,10000,874,321,0.000,0.892,6.5466,16.7383,48.0000,2022.8,0.007053,-0.000348,0.044696,0.5553
345,1,learning,12878.7,10000,912,408,0.000,5.191,6.7949,17.3205,31.5000,1992.2,0.007095,0.000943,0.043741,0.5562
346,1,learning,12945.7,10000,1242,534,0.000,3.918,7.6373,21.0627,77.5000,2010.8,0.007043,0.000696,0.043729,0.5569
347,1,learning,12994.6,10000,873,332,0.000,1.969,6.4879,17.9230,48.0000,2016.2,0.007001,0.000121,0.043268,0.5570
348,1,learning,13046.1,10000,927,371,0.000,5.654,6.7865,17.7494,47.0000,1991.0,0.007029,0.000562,0.043995,0.5576
349,1,learning,13118.8,10000,1356,593,0.000,0.679,7.9309,22.2585,68.0100,2038.0,0.007078,0.000342,0.044360,0.5579
350,1,learning,13167.2,10000,864,334,0.000,2.209,6.4716,17.8078,44.0000,2009.5,0.007062,0.000270,0.044100,0.5582
351,1,learning,13221.3,10000,982,415,0.000,5.667,6.9160,17.8927,45.5000,1989.0,0.007166,-0.000591,0.043220,0.5576
352,1,learning,13284.2,10000,1149,533,0.000,0.633,7.4426,20.8518,50.5000,2038.5,0.006982,0.000170,0.043588,0.5578
353,1,learning,13330.1,10000,811,307,0.000,1.739,6.8879,18.0175,46.5000,2019.8,0.007018,0.000941,0.044252,0.5587
354,1,learning,13377.4,10000,855,384,0.000,6.186,6.8898,18.3119,47.5000,1980.4,0.006904,0.000200,0.045295,0.5589
355,1,learning,13444.7,10000,1204,533,0.000,2.024,7.7164,21.2824,65.0000,2026.4,0.006823,0.000135,0.044800,0.5590
356,1,learning,13498.8,10000,965,343,0.000,1.906,6.6639,17.4489,48.0000,2013.5,0.007041,-0.000356,0.044701,0.5586
357,1,learning,13548.2,10000,886,326,0.000,7.336,6.8657,17.2072,37.0300,1975.9,0.006992,0.000528,0.045258,0.5591
358,1,learning,13614.5,10000,1217,540,0.000,0.949,7.5780,21.8895,48.0000,2040.1,0.006841,0.000324,0.044789,0.5594
359,1,learning,13669.5,10000,996,352,0.000,0.463,6.7958,18.5395,50.0000,2022.8,0.007032,0.000251,0.043102,0.5597
360,1,learning,13722.2,10000,964,408,0.000,6.796,6.7007,17.9732,50.5000,1979.3,0.006892,0.000182,0.044042,0.5599
361,1,learning,13789.4,10000,1248,577,0.000,1.905,7.5772,20.7792,46.5300,2025.1,0.006823,0.000572,0.044313,0.5605
362,1,learning,13834.6,10000,787,318,0.000,1.021,6.4786,17.4449,48.0000,2026.1,0.006898,-0.000253,0.043341,0.5602
363,1,learning,13882.9,10000,871,404,0.000,5.276,6.5639,18.2807,44.0000,1996.8,0.006927,0.000676,0.043883,0.5609
364,1,learning,13945.7,10000,1162,511,0.000,1.755,7.7951,21.6666,67.0000,2029.1,0.006842,0.000607,0.043960,0.5615
365,1,learning,13994.6,10000,867,343,0.000,0.926,6.5335,17.7749,44.5000,2015.2,0.007001,0.000236,0.044817,0.5617
366,1,learning,14048.0,10000,974,466,0.000,6.105,6.8682,19.4531,56.5000,1985.0,0.007040,0.000258,0.044903,0.5620
367,1,learning,14113.6,10000,1206,478,0.000,3.058,7.3908,20.5785,56.0000,2018.0,0.006833,0.000416,0.045131,0.5624
368,1,learning,14164.3,10000,905,324,0.000,1.201,6.6417,18.3344,47.0000,2020.6,0.006958,0.000625,0.045336,0.5630
369,1,learning,14220.3,10000,1021,457,0.000,4.665,7.1096,19.0101,55.0000,1999.7,0.007061,0.000527,0.045814,0.5635
370,1,learning,14285.3,10000,1195,478,0.000,4.199,7.4541,20.6839,69.0000,2013.8,0.006958,-0.000024,0.045798,0.5635
371,1,learning,14336.1,10000,908,336,0.000,2.387,7.0047,18.8221,42.5100,2013.2,0.007157,0.000440,0.045476,0.5639
372,1,learning,14383.8,10000,866,407,0.000,6.608,6.6053,18.0222,40.5400,1991.2,0.006813,0.000279,0.046694,0.5642
373,1,learning,14449.8,10000,1215,515,0.000,2.661,7.5158,21.4548,54.0000,2030.1,0.006741,0.000348,0.046243,0.5645
374,1,learning,14498.2,10000,863,303,0.000,2.266,6.5511,17.2438,38.0000,2012.7,0.006970,0.001695,0.045985,0.5662
375,1,learning,14549.0,10000,912,387,0.000,4.055,6.7196,17.3605,46.0000,2004.4,0.007048,0.000762,0.045706,0.5670
376,1,learning,14616.4,10000,1250,533,0.000,4.667,7.5249,21.4540,62.0000,2009.4,0.006931,0.000116,0.046208,0.5671
377,1,learning,14665.7,10000,876,323,0.000,2.402,6.5614,17.4090,42.0000,2018.1,0.007051,0.000517,0.045391,0.5676
378,1,learning,14716.3,10000,908,369,0.000,4.664,6.7729,18.5838,62.0000,2003.3,0.007036,0.000400,0.044430,0.5680
379,1,learning,14787.1,10000,1318,574,0.000,2.473,8.0943,22.3012,54.0000,2027.8,0.007103,-0.000132,0.046281,0.5679
380,1,learning,14837.3,10000,895,323,0.000,2.841,6.5594,17.4883,51.0100,2008.6,0.007061,0.000333,0.045605,0.5682
381,1,learning,14892.7,10000,1013,428,0.000,6.139,6.9649,18.4470,41.0200,1987.6,0.006960,-0.000503,0.045896,0.5677
382,1,learning,14957.0,10000,1170,554,0.000,-0.044,7.5197,21.2661,71.0100,2043.9,0.006897,-0.000495,0.046028,0.5672
383,1,learning,15006.1,10000,864,332,0.000,0.841,6.4083,17.0517,44.0000,2023.1,0.007060,0.001362,0.046575,0.5686
384,1,learning,15057.8,10000,935,398,0.000,5.875,7.0410,18.8709,46.0000,1989.4,0.007133,-0.000889,0.046969,0.5677
385,1,learning,15122.5,10000,1192,524,0.000,1.476,7.9410,22.3256,57.5000,2027.2,0.007103,0.000330,0.047376,0.5680
386,1,learning,15175.4,10000,937,337,0.000,1.966,6.6443,17.8592,51.0300,2016.3,0.007294,-0.000743,0.047250,0.5673
387,1,learning,15226.7,10000,916,363,0.000,6.891,6.7984,18.1486,45.5000,1985.7,0.007125,0.000458,0.046134,0.5678
388,1,learning,15293.7,10000,1232,519,0.000,1.778,7.6040,22.1290,52.5200,2035.6,0.006996,0.000115,0.045977,0.5679
389,1,learning,15350.0,10000,1012,332,0.000,0.858,6.9488,18.5298,45.5000,2025.7,0.007291,0.000182,0.046090,0.5681
390,1,learning,15402.4,10000,942,391,0.000,7.648,6.8722,17.7980,45.5100,1983.7,0.007142,0.000843,0.046277,0.5689
391,1,learning,15470.9,10000,1262,564,0.000,4.134,7.7014,21.7209,77.0100,2014.1,0.007112,0.000703,0.046327,0.5696
392,1,learning,15520.2,10000,866,315,0.000,1.877,6.4270,17.2854,46.5100,2023.2,0.007009,-0.000031,0.045412,0.5696
393,1,learning,15570.7,10000,918,436,0.000,7.206,6.7006,18.7329,52.0000,1985.9,0.007137,0.000446,0.046934,0.5700
394,1,learning,15636.9,10000,1222,510,0.000,3.954,7.7024,21.4119,61.0100,2017.3,0.007249,0.000374,0.046030,0.5704
395,1,learning,15686.3,10000,862,325,0.000,0.160,6.7331,17.9301,47.0000,2028.9,0.007263,-0.000271,0.046842,0.5701
396,1,learning,15739.9,10000,974,425,0.000,9.028,6.8396,18.8247,59.0000,1974.0,0.007228,0.000636,0.046118,0.5707
397,1,learning,15805.0,10000,1183,498,0.000,3.451,7.4295,21.1315,65.0000,2022.9,0.007015,0.000335,0.046044,0.5710
398,1,learning,15857.3,10000,933,340,0.000,0.950,6.8340,18.8735,63.0000,2024.5,0.007237,0.000429,0.045744,0.5714
399,1,learning,15913.5,10000,1031,492,0.000,4.517,7.0400,19.2061,53.0000,2005.9,0.007221,0.000645,0.045461,0.5720
400,1,learning,15980.3,10000,1229,530,0.000,2.650,7.6197,21.5334,56.0400,2030.6,0.007005,0.000091,0.046962,0.5721
401,1,learning,16032.0,10000,920,357,0.000,1.378,6.9672,18.7603,41.5100,2023.3,0.007338,0.000261,0.045700,0.5724
402,1,learning,16079.0,10000,830,391,0.000,5.394,6.8076,19.1795,69.5000,1998.3,0.007145,-0.000130,0.045464,0.5723
403,1,learning,16143.3,10000,1174,493,0.000,2.604,7.5622,21.1602,51.0000,2028.3,0.007155,-0.000418,0.045101,0.5719
404,1,learning,16190.4,10000,826,311,0.000,3.185,6.4832,16.4588,37.5000,2010.2,0.007098,0.000234,0.045976,0.5721
405,1,learning,16241.9,10000,921,413,0.000,5.234,6.6809,18.0402,47.5000,1995.8,0.007111,-0.000401,0.046476,0.5717
406,1,learning,16308.1,10000,1225,577,0.000,2.998,7.6499,21.3529,62.5000,2021.0,0.007193,0.000145,0.046198,0.5718
407,1,learning,16357.5,10000,848,308,0.000,2.104,6.7175,18.2262,50.0000,2014.9,0.007288,0.000192,0.046244,0.5720
408,1,learning,16409.9,10000,938,387,0.000,5.593,6.8919,18.0921,56.0000,1996.5,0.007229,-0.000613,0.046884,0.5714
409,1,learning,16483.9,10000,1380,606,0.000,1.059,7.9785,22.8730,61.0000,2039.2,0.007255,0.000308,0.046661,0.5717
410,1,learning,16535.9,10000,925,338,0.000,1.936,6.8036,18.5158,46.5000,2021.1,0.007467,0.000010,0.045625,0.5717
411,1,learning,16593.6,10000,1047,436,0.000,6.910,6.8322,18.1046,49.0000,1987.0,0.007385,0.000720,0.044547,0.5724
412,1,learning,16657.6,10000,1172,508,0.000,3.232,7.6078,21.6561,61.5200,2026.3,0.007214,0.000252,0.044544,0.5727
413,1,learning,16707.1,10000,873,313,0.000,1.266,6.6700,17.4206,45.0000,2022.3,0.007483,0.000990,0.044692,0.5737
414,1,learning,16762.9,10000,1017,476,0.000,6.320,7.0260,19.1273,45.0000,1989.3,0.007330,-0.000111,0.045362,0.5736
415,1,learning,16830.1,10000,1251,548,0.000,2.160,7.6161,21.2428,54.0000,2023.7,0.007173,0.000328,0.045567,0.5739
416,1,learning,16881.7,10000,918,313,0.000,2.924,6.7659,17.2755,51.0000,2010.0,0.007468,-0.000050,0.045875,0.5739
417,1,learning,16935.1,10000,966,381,0.000,6.641,6.8713,17.6624,45.5000,1986.8,0.007295,0.000397,0.046004,0.5743
418,1,learning,17003.1,10000,1256,536,0.000,0.780,7.6530,22.4198,57.5000,2039.6,0.007183,0.000547,0.045324,0.5748
419,1,learning,17057.5,10000,963,329,0.000,0.226,7.3002,19.0854,61.5000,2032.8,0.007559,-0.000564,0.045596,0.5742
420,1,learning,17112.7,10000,1005,406,0.000,6.559,6.9264,17.8491,52.0000,1983.1,0.007300,0.000752,0.045000,0.5750
421,1,learning,17182.3,10000,1299,578,0.000,3.664,7.6698,21.9456,66.5000,2016.2,0.007211,0.000081,0.046095,0.5751
422,1,learning,17231.3,10000,868,311,0.000,1.147,6.4119,17.2914,43.5000,2021.8,0.007325,-0.000182,0.045898,0.5749
423,1,learning,17281.8,10000,912,394,0.000,6.135,6.9978,18.7310,52.0000,1991.9,0.007415,-0.000371,0.045018,0.5745
424,1,learning,17346.5,10000,1211,517,0.000,3.907,8.0395,22.0557,56.0000,2017.9,0.007285,0.000498,0.045440,0.5750
425,1,learning,17398.2,10000,912,332,0.000,-0.241,6.6309,18.0537,54.0000,2027.8,0.007407,0.000010,0.045603,0.5750
426,1,learning,17451.6,10000,969,452,0.000,7.935,6.8772,18.8159,52.5000,1974.3,0.007309,0.000178,0.046595,0.5752
427,1,learning,17516.2,10000,1186,499,0.000,3.656,7.5128,20.9736,54.5000,2019.7,0.007175,0.000125,0.046776,0.5753
428,1,learning,17567.1,10000,907,334,0.000,0.723,6.5790,17.7860,50.0000,2021.8,0.007289,0.000480,0.045631,0.5758
429,1,learning,17624.5,10000,1047,491,0.000,3.518,7.2486,19.2471,46.5000,2010.5,0.007322,0.000637,0.046089,0.5764
430,1,learning,17691.4,10000,1239,517,0.000,3.789,7.6718,21.3440,52.5400,2016.9,0.007177,0.000328,0.046497,0.5767
431,1,learning,17746.5,10000,992,382,0.000,2.128,6.8682,19.2143,54.0000,2016.9,0.007220,-0.000658,0.046366,0.5760
432,1,learning,17793.2,10000,837,385,0.000,6.426,6.8559,19.0013,60.0000,1987.6,0.007114,0.001385,0.045886,0.5774
433,1,learning,17858.5,10000,1205,537,0.000,1.863,7.6360,20.6747,51.0000,2027.8,0.007192,-0.000157,0.045924,0.5772
434,1,learning,17907.0,10000,859,306,0.000,2.402,6.6076,17.3830,43.0000,2013.9,0.007347,0.000384,0.046556,0.5776
435,1,learning,17960.9,10000,963,396,0.000,3.765,6.9623,18.1058,46.0000,2003.9,0.007373,0.000720,0.046103,0.5783
436,1,learning,18027.7,10000,1235,561,0.000,4.533,7.4828,21.8382,57.0100,2007.0,0.007108,0.000123,0.046727,0.5784
437,1,learning,18075.7,10000,855,315,0.000,2.138,6.5209,17.8485,43.0000,2013.0,0.007329,0.000626,0.045840,0.5790
438,1,learning,18129.0,10000,962,387,0.000,5.973,6.8472,18.2961,48.0000,1993.5,0.007244,0.000515,0.046533,0.5795
439,1,learning,18201.3,10000,1347,586,0.000,1.829,8.0912,22.7304,51.0300,2031.8,0.007250,0.000184,0.047406,0.5797
440,1,learning,18254.1,10000,939,316,0.000,0.408,6.7832,18.3016,48.0000,2023.0,0.007289,-0.000012,0.047025,0.5797
441,1,learning,18309.1,10000,1000,398,0.000,6.874,6.9411,17.8705,39.0000,1976.7,0.007367,0.000884,0.047950,0.5806
442,1,learning,18373.4,10000,1181,528,0.000,2.026,7.4696,21.0194,89.5200,2031.5,0.007060,0.000088,0.048102,0.5807
443,1,learning,18424.2,10000,894,336,0.000,1.067,6.6602,17.8748,39.0000,2028.0,0.007150,0.000664,0.047801,0.5814
444,1,learning,18478.6,10000,994,451,0.000,7.902,6.9323,19.5682,61.0000,1979.8,0.007044,-0.000220,0.047132,0.5812
445,1,learning,18548.2,10000,1288,570,0.000,1.462,7.8266,21.9407,60.5300,2029.1,0.006891,-0.000059,0.046365,0.5811
446,1,learning,18601.7,10000,954,309,0.000,2.011,6.8849,18.0545,52.0000,2017.1,0.007286,0.000371,0.046660,0.5815
447,1,learning,18654.5,10000,964,378,0.000,9.644,6.7144,17.5946,38.5000,1964.5,0.007085,-0.000388,0.047020,0.5811
448,1,learning,18719.2,10000,1186,501,0.000,1.792,8.0416,23.0575,66.0400,2038.6,0.007158,0.000227,0.046534,0.5813
449,1,learning,18776.5,10000,1020,351,0.000,0.341,7.0104,18.5516,51.5000,2032.1,0.007358,0.000131,0.047027,0.5814
450,1,learning,18831.5,10000,1001,418,0.000,7.599,6.9119,18.0957,44.0000,1980.1,0.007295,0.000839,0.046785,0.5822
451,1,learning,18901.7,10000,1304,590,0.000,5.517,7.5473,21.6510,77.0100,1999.2,0.007121,0.000498,0.047781,0.5827
452,1,learning,18948.9,10000,829,298,0.000,1.337,6.6772,17.4638,42.5000,2016.7,0.007220,0.000078,0.047763,0.5828
453,1,learning,19000.0,10000,930,421,0.000,7.056,6.9524,19.3020,51.5000,1987.4,0.007237,0.000760,0.047537,0.5836
454,1,learning,19065.7,10000,1217,550,0.000,1.535,7.8295,22.0923,49.5400,2030.0,0.007149,0.000295,0.047376,0.5839
455,1,learning,19118.6,10000,935,345,0.000,-0.267,6.8099,19.2091,46.0000,2025.3,0.007271,-0.000007,0.047962,0.5839
456,1,learning,19173.7,10000,1004,461,0.000,8.245,6.9604,19.6701,52.0000,1972.4,0.007360,0.000670,0.048128,0.5846
457,1,learning,19239.9,10000,1201,497,0.000,2.780,7.5317,20.8314,52.0000,2024.4,0.007156,0.000550,0.047611,0.5852
458,1,learning,19291.8,10000,925,336,0.000,-0.086,6.8815,18.6602,66.0000,2026.7,0.007211,-0.000251,0.048415,0.5849
459,1,learning,19353.2,10000,1113,494,0.000,4.354,7.1488,18.8100,54.0000,2008.3,0.007254,-0.000010,0.046797,0.5849
460,1,learning,19420.6,10000,1242,524,0.000,4.917,7.7873,21.8254,57.5000,2014.4,0.007077,-0.000515,0.048180,0.5844
461,1,learning,19477.7,10000,1024,369,0.000,1.793,6.8138,18.6940,49.0000,2014.4,0.007340,-0.000110,0.048208,0.5843
462,1,learning,19527.0,10000,883,413,0.000,4.685,6.7123,18.6552,56.0000,1999.0,0.007062,-0.000570,0.047056,0.5837
463,1,learning,19591.7,10000,1197,522,0.000,2.733,7.8320,21.2844,55.5000,2025.8,0.007126,0.000258,0.048005,0.5840
464,1,learning,19641.8,10000,890,303,0.000,2.869,6.7990,18.0921,40.0000,2012.6,0.007236,-0.000228,0.047309,0.5838
465,1,learning,19694.4,10000,938,398,0.000,5.015,7.0851,18.1481,60.0100,1998.4,0.007143,-0.000069,0.047060,0.5837
466,1,learning,19764.3,10000,1289,577,0.000,4.724,7.8993,21.8873,67.0100,2009.0,0.007111,-0.000133,0.046846,0.5836
467,1,learning,19819.5,10000,978,322,0.000,1.187,6.7966,18.3466,56.0000,2025.5,0.007136,-0.000768,0.046140,0.5828
468,1,learning,19874.9,10000,995,405,0.000,5.109,6.7465,18.0633,53.5000,1996.7,0.007093,0.000437,0.045742,0.5832
469,1,learning,19949.0,10000,1394,635,0.000,2.363,8.0016,22.8369,59.5100,2028.9,0.007083,0.000186,0.045353,0.5834
470,1,learning,20003.2,10000,962,334,0.000,1.420,6.6881,18.1535,45.0000,2026.2,0.007169,0.000293,0.045893,0.5837
471,1,learning,20061.3,10000,1056,432,0.000,6.827,6.9620,18.0024,40.0000,1987.8,0.007176,0.000473,0.046431,0.5842
472,1,learning,20124.3,10000,1160,529,0.000,2.685,7.7483,21.9046,53.0000,2027.1,0.006998,0.000074,0.047170,0.5843
473,1,learning,20176.2,10000,923,325,0.000,2.859,6.7463,18.4783,53.0000,2011.1,0.007069,0.000953,0.046836,0.5853
474,1,learning,20230.0,10000,979,432,0.000,7.868,7.1923,19.5198,57.0000,1978.8,0.007204,-0.000001,0.045886,0.5853
475,1,learning,20301.3,10000,1310,582,0.000,1.609,7.8480,21.9158,57.5300,2029.4,0.006963,0.000400,0.045780,0.5857
476,1,learning,20352.0,10000,905,328,0.000,4.198,6.6923,17.8905,46.0000,2003.3,0.007295,0.000030,0.045662,0.5857
477,1,learning,20406.2,10000,971,383,0.000,6.970,6.8375,18.1287,52.5000,1985.6,0.007148,-0.000311,0.045881,0.5854
478,1,learning,20475.5,10000,1270,537,0.000,2.975,7.6174,22.1048,58.0000,2030.6,0.007045,0.000682,0.045901,0.5861
479,1,learning,20534.3,10000,1063,369,0.000,1.152,6.6199,18.3363,49.5100,2022.1,0.007161,0.000427,0.045663,0.5865
480,1,learning,20589.0,10000,988,388,0.000,7.918,7.2373,18.8169,48.5000,1981.3,0.007192,-0.000391,0.045639,0.5861
481,1,learning,20659.5,10000,1307,591,0.000,2.843,7.6212,21.4609,66.0000,2022.2,0.007104,0.000349,0.044937,0.5864
482,1,learning,20707.8,10000,853,333,0.000,0.811,6.5166,17.4456,47.5000,2030.2,0.007148,0.000352,0.045631,0.5868
483,1,learning,20762.2,10000,987,440,0.000,6.629,6.8814,18.9304,57.0000,1991.4,0.007217,-0.000339,0.045608,0.5865
484,1,learning,20830.3,10000,1266,553,0.000,4.745,7.8855,22.4099,60.0000,2012.6,0.007014,0.000950,0.044789,0.5875
485,1,learning,20883.1,10000,933,340,0.000,0.504,6.8735,18.8746,49.0200,2020.2,0.007157,-0.000291,0.045336,0.5872
486,1,learning,20939.6,10000,1025,462,0.000,7.882,6.9515,19.3597,46.0000,1984.0,0.007101,0.000266,0.044836,0.5875
487,1,learning,21004.3,10000,1203,506,0.000,4.706,7.6992,21.5336,56.0000,2009.3,0.006938,0.000309,0.043698,0.5878
488,1,learning,21056.5,10000,911,347,0.000,0.613,6.8613,18.6128,54.0200,2026.9,0.007185,0.000190,0.043983,0.5880
489,1,learning,21116.5,10000,1083,492,0.000,4.636,7.3259,19.6369,54.0000,2007.1,0.007144,0.000188,0.043797,0.5882
490,1,learning,21182.2,10000,1223,527,0.000,2.737,7.8621,22.2049,60.0000,2025.6,0.006974,0.000788,0.044566,0.5890
491,1,learning,21237.1,10000,987,355,0.000,1.554,6.9254,18.5578,50.0000,2019.2,0.007190,-0.000809,0.044704,0.5882
492,1,learning,21289.3,10000,949,412,0.000,6.655,6.7368,18.2726,39.0000,1987.2,0.006918,0.000581,0.045052,0.5888
493,1,learning,21354.0,10000,1195,545,0.000,3.355,8.0501,21.5904,64.0000,2019.6,0.007086,-0.000122,0.044678,0.5887
494,1,learning,21406.4,10000,935,313,0.000,2.464,6.9117,18.3209,71.5000,2012.6,0.007106,0.000003,0.045149,0.5887
495,1,learning,21461.2,10000,989,436,0.000,4.696,6.9233,17.9360,53.0000,2001.5,0.007069,0.000080,0.047005,0.5888
496,1,learning,21530.9,10000,1283,556,0.000,4.953,7.8226,22.0468,52.0100,2007.3,0.007006,0.000106,0.046464,0.5889
497,1,learning,21579.9,10000,864,313,0.000,1.329,6.8072,18.4205,57.0100,2027.1,0.007216,0.000590,0.045734,0.5895
498,1,learning,21635.2,10000,994,409,0.000,5.287,6.9086,18.5952,48.0100,1995.3,0.007028,0.000002,0.046411,0.5895
499,1,learning,21708.1,10000,1367,602,0.000,2.064,8.0958,22.2221,71.5200,2033.4,0.006965,0.000162,0.045776,0.5897
500,1,learning,21761.7,10000,952,303,0.000,1.749,6.8297,18.3312,53.0100,2017.5,0.007071,-0.000921,0.046672,0.5888
501,1,learning,21816.4,10000,997,429,0.000,7.937,6.9919,18.5052,54.0200,1983.1,0.006948,0.000259,0.046110,0.5891
502,1,learning,21879.5,10000,1164,543,0.000,1.018,7.7424,21.8807,53.5100,2039.2,0.006822,0.000745,0.045942,0.5898
503,1,learning,21930.6,10000,913,328,0.000,3.330,6.7078,17.8821,42.5000,2009.4,0.006942,0.000451,0.046945,0.5903
504,1,learning,21984.2,10000,979,454,0.000,6.813,7.1175,19.2816,51.0000,1982.6,0.007021,0.000371,0.046436,0.5907
505,1,learning,22050.2,10000,1211,541,0.000,2.230,8.1511,23.0542,62.5000,2029.2,0.006951,0.000019,0.046245,0.5907
506,1,learning,22104.0,10000,955,310,0.000,1.870,6.9416,18.9499,48.0000,2017.3,0.007038,-0.000309,0.046581,0.5904
507,1,learning,22160.6,10000,1036,387,0.000,8.676,6.8050,18.2243,46.0000,1969.1,0.006854,0.000106,0.047236,0.5905
508,1,learning,22229.7,10000,1274,512,0.000,3.166,7.6977,21.9319,59.5100,2026.7,0.006885,0.000299,0.046961,0.5908
509,1,learning,22285.5,10000,1001,359,0.000,-0.579,6.9940,19.4455,62.0000,2037.0,0.007055,0.000169,0.047723,0.5910
510,1,learning,22339.2,10000,978,390,0.000,8.571,6.8419,18.2791,38.0000,1974.4,0.006932,-0.000168,0.047432,0.5908