seed,rep,run,n_gens,avg_fitness,top20percent_fitness,best_fitness,total_agents,peak_population,genome_variance,avg_lifetime,avg_energy_end,avg_network_weight_mag,inter_gen_weight_change
2001,1,roam60d5_w500_evolution_h128_seed2001_r1,1000,7.122762,20.089854,58.00599999999999,1346.52,487.48,0.04482768,1619.2900000000002,0.7059599999999999,0.6069479999999999,3.012e-05
2001,2,roam60d5_w500_evolution_h128_seed2001_r2,1000,7.080884,19.949412,56.0202,1330.16,492.32,0.0467321,1661.4479999999996,1.2262999999999997,0.6113320000000001,6.860000000000004e-06
2001,3,roam60d5_w500_evolution_h128_seed2001_r3,1000,3.9686800000000004,12.407500000000002,27.598000000000003,228.4,204.28,0.02447032,1164.712,-1.67796,0.574452,0.00013551999999999998
2001,4,roam60d5_w500_evolution_h128_seed2001_r4,1000,7.1996280000000015,20.097634000000003,55.9772,1330.68,490.74,0.04606376,1688.4360000000001,1.6093000000000002,0.6092400000000001,6.7399999999999965e-06
2001,5,roam60d5_w500_evolution_h128_seed2001_r5,1000,6.9021560000000015,19.218334,54.6378,1194.54,443.84,0.040704840000000006,1532.5799999999997,-0.33118000000000003,0.589062,0.00018364
2001,6,roam60d5_w500_evolution_h128_seed2001_r6,1000,7.1371519999999995,20.174198,58.29639999999999,1302.9,489.76,0.04474348,1693.884,1.14424,0.605894,-1.3639999999999993e-05
2001,7,roam60d5_w500_evolution_h128_seed2001_r7,1000,7.035259999999999,19.598974,54.4468,1272.3,464.3,0.04439072,1571.8800000000003,0.3587800000000001,0.602616,1.132e-05
2001,8,roam60d5_w500_evolution_h128_seed2001_r8,1000,6.400346,17.620696,44.8274,768.1,290.14,0.03317904000000001,1646.6760000000002,0.3497399999999999,0.6043959999999999,6.546e-05
2001,9,roam60d5_w500_evolution_h128_seed2001_r9,1000,7.238624,20.192002,55.093599999999995,1310.98,483.94,0.045774440000000007,1657.1080000000002,1.09426,0.6125240000000001,2.02e-05
2001,10,roam60d5_w500_evolution_h128_seed2001_r10,1000,7.0879959999999995,19.89144,57.357200000000006,1328.98,495.54,0.045732659999999994,1654.0919999999999,0.9778,0.61213,-5.847999999999999e-05
2002,1,roam60d5_w500_evolution_h128_seed2002_r1,1000,3.929646000000001,12.620546,27.6098,224.58,206.52,0.028816360000000003,1043.496,-1.81548,0.561978,8.396e-05
2002,2,roam60d5_w500_evolution_h128_seed2002_r2,1000,7.152756,20.196731999999997,55.626000000000005,1349.22,495.3,0.048069,1676.3980000000001,1.2521200000000001,0.611342,-4.018e-05
2002,3,roam60d5_w500_evolution_h128_seed2002_r3,1000,7.107996000000002,20.2253,56.526399999999995,1348.9,498.02,0.04774702,1649.234,0.81352,0.611404,-2.626e-05
2002,4,roam60d5_w500_evolution_h128_seed2002_r4,1000,7.211136,20.450046,60.8666,1336.28,476.56,0.044358260000000004,1597.088,0.34525999999999996,0.613336,-3.2500000000000004e-05
2002,5,roam60d5_w500_evolution_h128_seed2002_r5,1000,7.225484,20.283669999999997,57.71959999999999,1343.56,501.6,0.04642582,1721.68,1.4621600000000001,0.60864,-1.2419999999999995e-05
2002,6,roam60d5_w500_evolution_h128_seed2002_r6,1000,7.194538000000001,20.455621999999998,58.4952,1350.08,495.42,0.04462738000000001,1626.3099999999997,0.6003600000000001,0.612616,-1.1199999999999991e-05
2002,7,roam60d5_w500_evolution_h128_seed2002_r7,1000,7.0798440000000005,19.970842,58.587199999999996,1347.54,502.96,0.04361140000000001,1630.7579999999998,0.38872,0.607986,-2.3119999999999995e-05
2002,8,roam60d5_w500_evolution_h128_seed2002_r8,1000,7.09517,19.873772000000002,56.096,1349.14,495.52,0.04529542,1634.4660000000001,0.5707599999999999,0.6057939999999999,7.207999999999999e-05
2002,9,roam60d5_w500_evolution_h128_seed2002_r9,1000,7.24307,20.306938,55.5682,1356.44,495.76,0.046523260000000004,1644.7420000000002,0.5945,0.606514,-3.019999999999998e-06
2002,10,roam60d5_w500_evolution_h128_seed2002_r10,1000,7.15945,20.258926,58.61540000000001,1367.16,494.94,0.0454807,1615.7839999999999,0.5342600000000001,0.6120559999999999,-5.574e-05
2003,1,roam60d5_w500_evolution_h128_seed2003_r1,1000,7.047986,20.027246,56.965199999999996,1298.24,481.44,0.04511366000000001,1691.3480000000002,1.4241599999999999,0.608252,-3.577999999999999e-05
2003,2,roam60d5_w500_evolution_h128_seed2003_r2,1000,7.055780000000001,20.026194000000004,57.577200000000005,1292.46,478.82,0.044453799999999995,1648.526,0.49486,0.6104080000000001,1.4540000000000008e-05
2003,3,roam60d5_w500_evolution_h128_seed2003_r3,1000,7.102736,19.957563999999998,58.9344,1278.48,482.4,0.04454160000000001,1703.44,1.2905799999999998,0.610086,-2.354e-05
2003,4,roam60d5_w500_evolution_h128_seed2003_r4,1000,6.959784000000001,19.879368000000003,56.1068,1292.86,478.32,0.043553379999999996,1648.5479999999998,0.9792399999999999,0.607216,7.860000000000001e-05
2003,5,roam60d5_w500_evolution_h128_seed2003_r5,1000,7.096286000000001,20.030873999999997,56.6272,1288.5,464.14,0.045390240000000005,1595.7640000000001,0.53902,0.606742,-6.720000000000001e-05
2003,6,roam60d5_w500_evolution_h128_seed2003_r6,1000,7.0621220000000005,19.859272,56.4758,1305.68,479.26,0.046918499999999995,1668.0480000000002,1.6070399999999998,0.610146,2.3239999999999998e-05
2003,7,roam60d5_w500_evolution_h128_seed2003_r7,1000,6.945092,19.78282,58.4454,1302.52,487.38,0.04322062,1694.4879999999998,1.43834,0.60927,4.894e-05
2003,8,roam60d5_w500_evolution_h128_seed2003_r8,1000,6.496543999999999,17.803054,46.00679999999999,965.64,363.54,0.03491766,1408.7340000000002,-1.3951200000000004,0.58614,9.633999999999999e-05
2003,9,roam60d5_w500_evolution_h128_seed2003_r9,1000,6.969152000000001,19.489268000000003,54.266000000000005,1239.96,449.9,0.04424665999999999,1568.646,-0.0729,0.5941080000000001,0.00014314000000000002
2003,10,roam60d5_w500_evolution_h128_seed2003_r10,1000,7.0420940000000005,19.898468,55.577799999999996,1297.12,473.3,0.04435764,1689.65,1.2644199999999999,0.6107720000000001,-2.3999999999999978e-06
2004,1,roam60d5_w500_evolution_h128_seed2004_r1,1000,7.124942,20.020938,55.2996,1324.06,477.12,0.046558999999999996,1662.29,1.4057800000000003,0.605946,4.596e-05
2004,2,roam60d5_w500_evolution_h128_seed2004_r2,1000,7.064711999999998,20.205836,59.6558,1354.38,494.86,0.04467552,1656.2119999999998,1.1955400000000003,0.607048,4.617999999999999e-05
2004,3,roam60d5_w500_evolution_h128_seed2004_r3,1000,7.0832820000000005,19.8204,56.02439999999999,1269.42,451.04,0.043195040000000004,1560.296,0.37442,0.602132,-1.8939999999999995e-05
2004,4,roam60d5_w500_evolution_h128_seed2004_r4,1000,7.112824,20.024350000000002,55.014799999999994,1332.02,481.64,0.04497426,1588.47,0.37616,0.611834,9.340000000000004e-06
2004,5,roam60d5_w500_evolution_h128_seed2004_r5,1000,7.12641,20.303152,60.367000000000004,1355.52,491.42,0.04282535999999999,1642.87,1.13644,0.610508,1.4920000000000011e-05
2004,6,roam60d5_w500_evolution_h128_seed2004_r6,1000,3.599614,13.331418000000001,32.374399999999994,203.96,192.88,0.024963119999999995,841.5939999999999,-2.0966599999999995,0.5594100000000001,0.00012033999999999998
2004,7,roam60d5_w500_evolution_h128_seed2004_r7,1000,6.748682,18.629972,51.02,1211.38,450.34,0.044591820000000004,1612.8359999999998,0.7401800000000001,0.59844,7.44e-05
2004,8,roam60d5_w500_evolution_h128_seed2004_r8,1000,7.06677,19.529686000000005,56.0462,1282.84,443.22,0.0417999,1541.0200000000002,0.5849599999999999,0.599762,9.716000000000001e-05
2004,9,roam60d5_w500_evolution_h128_seed2004_r9,1000,7.049694,19.905574,57.28459999999999,1272.12,456.8,0.03887736,1648.1940000000002,0.57012,0.591446,6.553999999999999e-05
2004,10,roam60d5_w500_evolution_h128_seed2004_r10,1000,5.2162120000000005,16.148742000000002,42.6492,418.54,193.88,0.01752202,1196.6559999999997,-1.7619200000000002,0.5760020000000001,0.0002476
2005,1,roam60d5_w500_evolution_h128_seed2005_r1,1000,7.117102,20.263004,58.68639999999999,1294.5,461.94,0.04102944,1608.464,0.7176600000000001,0.6112879999999999,-7.986e-05
2005,2,roam60d5_w500_evolution_h128_seed2005_r2,1000,6.810367999999999,18.751256,50.017599999999995,1141.6,414.16,0.03478338,1519.5439999999999,-0.67014,0.5967800000000001,0.0001302
2005,3,roam60d5_w500_evolution_h128_seed2005_r3,1000,6.231483999999999,17.436616,44.33800000000001,688.22,247.98,0.028988919999999994,1493.8699999999997,-0.7397,0.5933660000000001,0.0001118
2005,4,roam60d5_w500_evolution_h128_seed2005_r4,1000,3.7458639999999996,13.406759999999998,30.8508,216.2,203.7,0.0265008,851.684,-2.1137599999999996,0.563182,0.00013156000000000002
2005,5,roam60d5_w500_evolution_h128_seed2005_r5,1000,7.003938,19.509185999999996,55.98780000000001,1330.7,484.82,0.0469144,1624.0279999999998,0.8688799999999999,0.611662,-2.387999999999999e-05
2005,6,roam60d5_w500_evolution_h128_seed2005_r6,1000,6.931394,19.349344000000002,54.776399999999995,1208.26,446.36,0.04457636,1530.28,-0.21309999999999998,0.6094720000000001,-1.6540000000000008e-05
2005,7,roam60d5_w500_evolution_h128_seed2005_r7,1000,6.077932000000001,17.237854,45.28799999999999,599.9,230.86,0.023333839999999998,1360.6759999999997,-1.7079400000000005,0.577354,0.00022689999999999996
2005,8,roam60d5_w500_evolution_h128_seed2005_r8,1000,3.68023,13.123432000000001,31.024799999999995,212.02,201.9,0.02740946,883.2560000000001,-2.11764,0.5641240000000001,0.00011965999999999999
2005,9,roam60d5_w500_evolution_h128_seed2005_r9,1000,3.7011799999999995,13.225755999999999,30.962799999999998,213.26,203.24,0.02742882,836.8760000000001,-2.13342,0.5616559999999999,9.868e-05
2005,10,roam60d5_w500_evolution_h128_seed2005_r10,1000,7.141659999999999,19.993044,57.434799999999996,1326.38,495.02,0.0465328,1747.9460000000001,2.10834,0.612546,-4.0999999999999994e-05
2006,1,roam60d5_w500_evolution_h128_seed2006_r1,1000,7.167846,20.219418,56.967000000000006,1333.28,492.68,0.044794099999999996,1656.0520000000001,1.12124,0.61002,2.7320000000000013e-05
2006,2,roam60d5_w500_evolution_h128_seed2006_r2,1000,7.199884000000001,20.423617999999998,60.4854,1335.14,490.26,0.04544789999999999,1643.526,1.13848,0.60914,-1.6760000000000002e-05
2006,3,roam60d5_w500_evolution_h128_seed2006_r3,1000,7.038588,19.528675999999997,53.3658,1282.82,470.16,0.043490360000000006,1609.318,0.9215799999999998,0.5994120000000001,5.252e-05
2006,4,roam60d5_w500_evolution_h128_seed2006_r4,1000,7.12139,20.208660000000002,56.04659999999999,1360.34,492.36,0.045973740000000006,1607.4279999999997,0.82464,0.6046239999999998,5.596e-05
2006,5,roam60d5_w500_evolution_h128_seed2006_r5,1000,7.0509640000000005,19.945126000000002,56.392799999999994,1351.44,499.98,0.04878686,1629.516,1.0428199999999999,0.608802,6.342e-05
2006,6,roam60d5_w500_evolution_h128_seed2006_r6,1000,5.739129999999999,16.723554,41.9216,480.44,213.02,0.024046960000000003,1254.7020000000002,-1.8312799999999998,0.5737639999999999,0.00022324
2006,7,roam60d5_w500_evolution_h128_seed2006_r7,1000,3.826668,13.070776,29.9166,230.4,185.82,0.020973160000000005,844.4200000000002,-2.1074,0.5563319999999999,0.00019316
2006,8,roam60d5_w500_evolution_h128_seed2006_r8,1000,7.134312000000001,20.10448,57.0562,1306.44,483.06,0.046122439999999994,1630.04,0.93188,0.6115839999999999,4.0180000000000005e-05
2006,9,roam60d5_w500_evolution_h128_seed2006_r9,1000,6.687338,18.102692,47.258,1082.54,407.84,0.0371454,1561.5639999999996,-0.26602,0.591456,0.00012366
2006,10,roam60d5_w500_evolution_h128_seed2006_r10,1000,3.9570539999999994,12.369540000000002,29.0204,222.6,209.9,0.028179259999999998,1171.626,-1.6477399999999998,0.5662619999999999,7.748000000000001e-05
2007,1,roam60d5_w500_evolution_h128_seed2007_r1,1000,6.99469,19.836018,57.7054,1312.46,480.14,0.04292338,1636.2199999999998,0.79236,0.599818,5.298e-05
2007,2,roam60d5_w500_evolution_h128_seed2007_r2,1000,6.929486,19.269232,54.2892,1207.72,453.74,0.039151019999999995,1622.392,0.21138,0.582144,9.892e-05
2007,3,roam60d5_w500_evolution_h128_seed2007_r3,1000,7.205221999999999,20.450948,59.797999999999995,1343.34,491.56,0.04500144,1698.9720000000002,1.3124799999999999,0.6034379999999999,2.697999999999999e-05
2007,4,roam60d5_w500_evolution_h128_seed2007_r4,1000,7.245498000000001,20.469658,60.61800000000001,1358.98,491.78,0.04572532,1728.5420000000001,1.6344199999999998,0.6094760000000001,5.698e-05
2007,5,roam60d5_w500_evolution_h128_seed2007_r5,1000,7.120424000000001,20.041532,60.31620000000001,1332.54,483.48,0.04409975999999999,1619.1959999999997,0.8108399999999999,0.61027,1.5480000000000004e-05
2007,6,roam60d5_w500_evolution_h128_seed2007_r6,1000,7.118796000000001,20.133642000000002,56.26959999999999,1349.18,496.08,0.04519344,1661.4920000000002,0.96504,0.6043580000000001,-5.996e-05
2007,7,roam60d5_w500_evolution_h128_seed2007_r7,1000,7.229436000000001,20.619104000000004,59.376599999999996,1343.64,483.94,0.045016759999999996,1650.144,0.9134599999999999,0.610882,-2.56e-05
2007,8,roam60d5_w500_evolution_h128_seed2007_r8,1000,6.1148940000000005,17.969156,50.157399999999996,643.8,243.9,0.02304252,1397.7779999999996,-1.3422000000000003,0.583916,0.00017487999999999998
2007,9,roam60d5_w500_evolution_h128_seed2007_r9,1000,6.9474360000000015,19.534494,56.42359999999999,1232.84,443.02,0.0379035,1527.0659999999998,-0.25778000000000006,0.599404,0.0001002
2007,10,roam60d5_w500_evolution_h128_seed2007_r10,1000,6.2609140000000005,18.058411999999997,48.5352,707.68,261.66,0.02853498,1479.774,-0.7953600000000001,0.604968,4.938e-05
2008,1,roam60d5_w500_evolution_h128_seed2008_r1,1000,7.102452,20.066338,55.955,1313.46,486.4,0.04102454,1616.1419999999998,0.30340000000000006,0.610522,4.2099999999999987e-05
2008,2,roam60d5_w500_evolution_h128_seed2008_r2,1000,7.035044,19.7046,54.6668,1283.82,471.14,0.044348939999999996,1600.5019999999997,0.38467999999999997,0.604978,-4.538e-05
2008,3,roam60d5_w500_evolution_h128_seed2008_r3,1000,7.078334,19.729750000000003,55.3072,1293.26,499.66,0.04404472,1727.398,1.5090000000000001,0.6045959999999999,5.458e-05
2008,4,roam60d5_w500_evolution_h128_seed2008_r4,1000,3.641962,13.029728,31.126400000000004,203.88,193.28,0.026154940000000005,839.436,-2.1379,0.5587420000000001,0.0001033
2008,5,roam60d5_w500_evolution_h128_seed2008_r5,1000,3.771706,13.319785999999999,31.373,215.92,205.82,0.026659979999999996,899.7660000000001,-2.09562,0.568392,7.949999999999998e-05
2008,6,roam60d5_w500_evolution_h128_seed2008_r6,1000,6.985282,19.936804,58.126999999999995,1269.0,468.92,0.04202216,1598.986,0.15065999999999996,0.59538,0.00013256
2008,7,roam60d5_w500_evolution_h128_seed2008_r7,1000,7.142904,20.117198,56.81540000000001,1278.26,470.24,0.042985680000000005,1615.394,0.47478000000000004,0.598674,8.644e-05
2008,8,roam60d5_w500_evolution_h128_seed2008_r8,1000,6.096583999999999,17.164409999999997,43.986399999999996,620.5,238.36,0.027264599999999993,1399.9260000000002,-1.6088600000000002,0.5936359999999999,0.0001428
2008,9,roam60d5_w500_evolution_h128_seed2008_r9,1000,7.1710519999999995,20.514018,59.1954,1334.78,483.24,0.04533082,1660.7159999999997,1.36028,0.6119400000000002,1.736e-05
2008,10,roam60d5_w500_evolution_h128_seed2008_r10,1000,6.37838,17.727666000000003,46.676399999999994,812.84,303.58,0.02960372,1407.624,-1.7171200000000002,0.584848,0.00016368
2009,1,roam60d5_w500_evolution_h128_seed2009_r1,1000,7.049442,20.101248000000002,56.523599999999995,1287.6,473.98,0.04235804,1613.0859999999998,0.7490000000000001,0.609192,3.7539999999999996e-05
2009,2,roam60d5_w500_evolution_h128_seed2009_r2,1000,6.97818,19.602954,55.26519999999999,1277.3,467.46,0.04209304,1615.1360000000004,0.14816000000000001,0.5963499999999999,3.285999999999999e-05
2009,3,roam60d5_w500_evolution_h128_seed2009_r3,1000,7.0357780000000005,19.798148,56.696999999999996,1261.42,455.44,0.04375393999999999,1596.9880000000003,0.4627800000000001,0.605114,4.5880000000000015e-05
2009,4,roam60d5_w500_evolution_h128_seed2009_r4,1000,7.084134000000001,20.131625999999997,57.376599999999996,1300.24,471.2,0.04424788,1610.026,0.38292000000000004,0.61163,2.3399999999999993e-05
2009,5,roam60d5_w500_evolution_h128_seed2009_r5,1000,7.050231999999999,19.839514,56.5366,1310.4,483.66,0.043742720000000006,1677.1940000000002,0.9803800000000001,0.601974,4.2000000000000004e-05
2009,6,roam60d5_w500_evolution_h128_seed2009_r6,1000,7.041067999999999,19.982584,57.655199999999994,1285.0,468.16,0.04319642,1596.3439999999996,0.10961999999999994,0.5982620000000001,6.497999999999999e-05
2009,7,roam60d5_w500_evolution_h128_seed2009_r7,1000,7.145228,20.093766000000002,59.79600000000001,1305.92,484.58,0.0457408,1698.948,1.1231,0.611456,3.7039999999999984e-05
2009,8,roam60d5_w500_evolution_h128_seed2009_r8,1000,7.151826,20.261654,58.66480000000001,1329.56,483.04,0.04375066,1655.9660000000003,1.1436,0.608606,7.284e-05
2009,9,roam60d5_w500_evolution_h128_seed2009_r9,1000,7.141572000000001,20.005922,57.726800000000004,1293.9,467.02,0.04485162000000001,1630.662,0.7917400000000001,0.606852,5.141999999999999e-05
2009,10,roam60d5_w500_evolution_h128_seed2009_r10,1000,7.01252,20.096308,58.7826,1301.26,477.72,0.04329094000000001,1620.8140000000003,0.81256,0.61002,-1.726e-05
2010,1,roam60d5_w500_evolution_h128_seed2010_r1,1000,7.136616000000001,20.362046,59.4872,1338.6,489.4,0.044481099999999996,1636.078,0.9028399999999999,0.6082799999999999,7.856000000000002e-05
2010,2,roam60d5_w500_evolution_h128_seed2010_r2,1000,7.004152,19.780473999999998,55.9582,1258.72,463.98,0.04195062,1579.6640000000002,0.33942,0.6044740000000001,7.986e-05
2010,3,roam60d5_w500_evolution_h128_seed2010_r3,1000,7.058038,20.039862000000003,57.72599999999999,1339.02,494.0,0.04269984,1610.2160000000001,0.11895999999999997,0.60832,-6.67e-05
2010,4,roam60d5_w500_evolution_h128_seed2010_r4,1000,7.1661340000000004,20.191836,55.6268,1327.66,492.84,0.04119612,1685.7200000000003,0.81096,0.610172,-1.7460000000000006e-05
2010,5,roam60d5_w500_evolution_h128_seed2010_r5,1000,7.141355999999999,20.455488,58.794399999999996,1284.4,465.46,0.039299339999999995,1592.004,0.42908,0.6022219999999999,3.4839999999999985e-05
2010,6,roam60d5_w500_evolution_h128_seed2010_r6,1000,7.178800000000001,20.384126000000002,62.2334,1345.08,493.6,0.04540236,1695.05,1.21012,0.608684,-7.048e-05
2010,7,roam60d5_w500_evolution_h128_seed2010_r7,1000,7.185358,20.380472,59.53699999999999,1330.46,489.96,0.04772574,1656.6680000000001,0.8183199999999999,0.6138800000000001,-4.568e-05
2010,8,roam60d5_w500_evolution_h128_seed2010_r8,1000,6.952264000000001,19.47563,56.90740000000001,1217.52,440.84,0.0401367,1514.76,-0.6330199999999999,0.5847019999999999,0.00011503999999999998
2010,9,roam60d5_w500_evolution_h128_seed2010_r9,1000,7.174244000000001,20.342198,58.15619999999999,1318.26,471.14,0.044501540000000006,1622.5420000000004,0.5625199999999999,0.60505,4.460000000000001e-05
2010,10,roam60d5_w500_evolution_h128_seed2010_r10,1000,7.205480000000001,20.338340000000002,58.205799999999996,1338.8,487.02,0.04668070000000001,1664.4080000000001,1.06614,0.6120580000000001,-7.119999999999995e-06
