environment,condition,metric,source,n_runs,mean,std,min,max,q25,median,q75,mean_normalised,median_normalised,std_normalised
baseline,evolution,avg_fitness,gen,100,7.47483286,0.05514185600775701,7.304689999999999,7.594018,7.446882499999999,7.4784630000000005,7.512853999999999,0.8408752216371352,0.84131668875944,0.006705889164133944
baseline,evolution,top20percent_fitness,gen,100,20.931718080000007,0.1892316760687588,20.481494,21.415713999999998,20.8028335,20.931348000000003,21.065384499999997,0.8259895089003366,0.8259733665996399,0.00825398458825351
baseline,evolution,best_fitness,gen,100,61.45905400000001,1.5742609270859442,57.7892,65.6496,60.706,61.5279,62.32845000000001,0.4809880000000001,0.48155933609958507,0.01306440603390825
baseline,evolution,avg_learned_weight_diff,gen,100,0.0,0.0,0.0,0.0,0.0,0.0,0.0,,,
baseline,evolution,avg_network_weight_mag,gen,100,0.6095218199999999,0.0022208044605775607,0.603692,0.614868,0.6079875,0.6096550000000001,0.6110059999999999,,,
baseline,evolution,genome_variance,gen,100,0.048697867000000006,0.001208826008632535,0.04515787999999999,0.0516251,0.047939709999999996,0.04861888,0.049506720000000004,,,
baseline,evolution,total_agents,gen,100,1381.4519999999998,17.893451880562925,1335.62,1424.14,1368.385,1384.06,1394.55,,,
baseline,evolution,peak_population,gen,100,592.6106000000001,9.933067092222108,564.62,617.56,586.745,592.76,599.8199999999999,,,
baseline,evolution,avg_lifetime,gen,100,2065.0164999999997,12.807521364614235,2036.0839999999996,2101.522,2056.2745,2063.777,2072.2405,,,
baseline,evolution,cells_visited,behaviour,100,912.9524645018419,18.582072111791906,868.4165017690743,958.0981480055722,899.4800378210439,913.9336026822796,924.2579436275732,,,
baseline,evolution,predator_touches,behaviour,100,0.0,0.0,0.0,0.0,0.0,0.0,0.0,,,
baseline,evolution,drained_ticks,behaviour,100,0.0,0.0,0.0,0.0,0.0,0.0,0.0,,,
baseline,evolution,cave_entries,behaviour,100,1.6766193551320496,0.4517263718320712,0.6979267339058731,3.552598592809728,1.4004600932420381,1.6252053771043804,1.882832677475501,,,
baseline,evolution,cave_entries_night,behaviour,100,0.8658067177624376,0.23330093630255133,0.3616491725364678,1.8464778502596746,0.719576481102552,0.8464003660915027,0.9664186507131042,,,
baseline,evolution,food_prestige,behaviour,100,1.6939569259117784,0.02647217920749017,1.6250552106313838,1.7468853294009707,1.676449147456677,1.6947498604332494,1.7129389472854157,,,
baseline,evolution,food_low,behaviour,100,2.8935939575202307,0.10505331861008342,2.6551768096849737,3.054796965673408,2.8011822204573615,2.9319169970447474,2.9782196123727256,,,
baseline,evolution,energy_at_death,behaviour,100,4.004397509120995,0.35754776854900044,3.3151564921355163,5.1418653545739765,3.7688389738231014,3.98235717975596,4.186594499995886,,,
baseline,evolution,frac_death_drained,behaviour,100,0.0,0.0,0.0,0.0,0.0,0.0,0.0,,,
baseline,evolution,frac_death_starved,behaviour,100,0.93877327712897,0.002878905368081214,0.9317831249736863,0.9458438666344446,0.9369299356169161,0.9385703083313852,0.9409228265499647,,,
baseline,learning,avg_fitness,gen,100,7.487399740000001,0.06659744187743691,7.288786,7.635587999999999,7.441839,7.497035,7.5305795,0.8424034999817583,0.8435752593367304,0.0080990212549632
baseline,learning,top20percent_fitness,gen,100,20.91203802,0.2054637135790565,20.345907999999998,21.332034,20.753484000000007,20.900542,21.0590865,0.8251310959997558,0.8246296579008205,0.008962000234625886
baseline,learning,best_fitness,gen,100,60.812478,1.4535205706174514,57.497600000000006,64.1962,59.77865,60.8079,61.914500000000004,0.47562222406639004,0.4755842323651452,0.012062411374418684
baseline,learning,avg_learned_weight_diff,gen,100,0.0009405430000000001,2.3105099069908862e-05,0.0008806399999999999,0.00099224,0.0009225699999999999,0.00094336,0.0009558300000000001,,,
baseline,learning,avg_network_weight_mag,gen,100,0.6097899800000001,0.002361941599787788,0.603926,0.615756,0.6079760000000001,0.609993,0.6113895,,,
baseline,learning,genome_variance,gen,100,0.04879649540000001,0.001402971603418554,0.0458683,0.05291638,0.04783138,0.048746689999999995,0.049861804999999995,,,
baseline,learning,total_agents,gen,100,1383.4602000000002,18.244860573140418,1332.82,1413.7,1372.01,1386.17,1396.825,,,
baseline,learning,peak_population,gen,100,593.3290000000001,10.299052569939814,567.86,616.06,586.745,594.5699999999999,599.305,,,
baseline,learning,avg_lifetime,gen,100,2069.3934400000003,13.328485800864184,2042.112,2112.396,2060.053,2066.9750000000004,2076.4865,,,
baseline,learning,cells_visited,behaviour,100,910.4376083066968,17.298501979745044,874.9260740113194,957.4074982132737,896.2797764614548,911.1457969631906,921.8942272642862,,,
baseline,learning,predator_touches,behaviour,100,0.0,0.0,0.0,0.0,0.0,0.0,0.0,,,
baseline,learning,drained_ticks,behaviour,100,0.0,0.0,0.0,0.0,0.0,0.0,0.0,,,
baseline,learning,cave_entries,behaviour,100,1.6497910566661493,0.3591732861721225,0.8014517402879241,2.9297083277625444,1.4474220161410924,1.5766059734867022,1.7945680001274995,,,
baseline,learning,cave_entries_night,behaviour,100,0.8485145657215786,0.18543430492279292,0.40923686318733776,1.522759110147953,0.749632460484107,0.8081746700156125,0.9240568326002243,,,
baseline,learning,food_prestige,behaviour,100,1.700564081547227,0.02958601268634524,1.6291902708585795,1.7719120876131123,1.6787185293573064,1.699952192237063,1.7206615751194014,,,
baseline,learning,food_low,behaviour,100,2.890470029400906,0.10285483429333644,2.588397489732552,3.0606933074072025,2.7955992586359617,2.926378334412499,2.9619995824231053,,,
baseline,learning,energy_at_death,behaviour,100,4.144596691512976,0.3679452613614623,3.304499021752985,4.970206848533931,3.888310696543805,4.168133560352823,4.394429746827404,,,
baseline,learning,frac_death_drained,behaviour,100,0.0,0.0,0.0,0.0,0.0,0.0,0.0,,,
baseline,learning,frac_death_starved,behaviour,100,0.9381302772889012,0.0029511964860760805,0.9325219391171083,0.9443679902480641,0.9358590629798358,0.9374575670952261,0.9408220537479154,,,
baseline,pure_rl,avg_fitness,gen,100,7.100092820000001,0.11499110154842776,6.765604,7.3635660000000005,7.016400000000001,7.098336,7.1719585,0.7953024869571562,0.7950888372715221,0.013984251486510568
baseline,pure_rl,top20percent_fitness,gen,100,19.89113566,0.4067811017105549,18.813546000000002,20.925916,19.627487000000002,19.960552,20.162293499999997,0.7806009596049917,0.783628789894487,0.017743144351222186
baseline,pure_rl,best_fitness,gen,100,57.431958,2.360488067370386,50.8956,62.264399999999995,55.77029999999999,57.5188,59.152649999999994,0.44756811618257264,0.4482887966804979,0.01958911259228536
baseline,pure_rl,avg_learned_weight_diff,gen,100,0.0009823374,3.551629606393394e-05,0.00088756,0.00105576,0.0009591699999999999,0.00098317,0.001002985,,,
baseline,pure_rl,avg_network_weight_mag,gen,100,0.6086068399999999,0.0017575545494645092,0.605364,0.61332,0.6072185,0.608379,0.609743,,,
baseline,pure_rl,genome_variance,gen,100,0.064644299,0.0373018326857368,0.01853358,0.17712659999999997,0.036265775,0.05559312999999999,0.07807577,,,
baseline,pure_rl,total_agents,gen,100,1150.7456000000002,41.854831957878204,1018.1,1251.24,1120.625,1151.6399999999999,1175.615,,,
baseline,pure_rl,peak_population,gen,100,471.5616000000001,16.63659971086021,425.76,510.6,458.565,473.65,480.28499999999997,,,
baseline,pure_rl,avg_lifetime,gen,100,2077.8801200000003,21.32559749102218,2039.95,2134.3140000000003,2061.7485,2075.625,2091.8095000000003,,,
baseline,pure_rl,cells_visited,behaviour,100,933.7279935747333,30.580047287060427,860.3916688677508,1005.7905725820711,911.6741368763761,929.5301993422145,955.6043797193536,,,
baseline,pure_rl,predator_touches,behaviour,100,0.0,0.0,0.0,0.0,0.0,0.0,0.0,,,
baseline,pure_rl,drained_ticks,behaviour,100,0.0,0.0,0.0,0.0,0.0,0.0,0.0,,,
baseline,pure_rl,cave_entries,behaviour,100,1.8050571639943964,0.5132659077955994,0.7006783943484476,3.3762263278468847,1.484796767286527,1.787690108349128,2.1350389538544805,,,
baseline,pure_rl,cave_entries_night,behaviour,100,0.9240446068513206,0.2635983138651592,0.35178909170824757,1.7683942354700104,0.763197029286234,0.8991745111219809,1.0877155721643157,,,
baseline,pure_rl,food_prestige,behaviour,100,1.617242611400355,0.06985333206470969,1.4385849633800973,1.7963106018375814,1.5704490770408874,1.6165164227910094,1.665924850436883,,,
baseline,pure_rl,food_low,behaviour,100,2.7144350036688007,0.19230509903540052,2.13939825249665,3.0395432035056342,2.5796984994651746,2.727778276486178,2.8546379550655736,,,
baseline,pure_rl,energy_at_death,behaviour,100,3.697871844020526,0.5157855716829611,2.0767154197911752,4.869089170073665,3.391603189916025,3.7057433311464933,4.018837738516976,,,
baseline,pure_rl,frac_death_drained,behaviour,100,0.0,0.0,0.0,0.0,0.0,0.0,0.0,,,
baseline,pure_rl,frac_death_starved,behaviour,100,0.9446947156550651,0.004845875323789731,0.9344021648886064,0.9641515874819424,0.94071322431636,0.9446943943991837,0.9473222430921748,,,
hard,evolution,avg_fitness,gen,100,6.6537054,1.0174127454389474,3.599614,7.245498000000001,6.930917,7.06008,7.138202999999999,0.7410165999829743,0.7904364640212089,0.12372918866080669
hard,evolution,top20percent_fitness,gen,100,19.009061159999998,2.2021576615455882,12.369540000000002,20.619104000000004,19.329316,19.947269,20.191877499999997,0.7421262735484884,0.7830494065715494,0.09605461293222957
hard,evolution,best_fitness,gen,100,53.128624,8.730734508320117,27.598000000000003,62.2334,54.2834,56.331199999999995,58.134299999999996,0.41185580082987555,0.43843319502074685,0.07245422828481425
hard,evolution,avg_learned_weight_diff,gen,100,0.0,0.0,0.0,0.0,0.0,0.0,0.0,,,
hard,evolution,avg_network_weight_mag,gen,100,0.59986434,0.015095116644448134,0.5563319999999999,0.6138800000000001,0.5961075,0.60592,0.6101525,,,
hard,evolution,genome_variance,gen,100,0.040538615599999966,0.007548528496304421,0.01752202,0.04878686,0.039262259999999896,0.04389932999999995,0.045218935,,,
hard,evolution,total_agents,gen,100,1130.9766,365.96754631248353,203.88,1367.16,1210.6000000000001,1295.81,1332.725,,,
hard,evolution,peak_population,gen,100,427.8213999999999,102.95311826086845,185.82,502.96,443.685,476.84000000000003,490.03499999999997,,,
hard,evolution,avg_lifetime,gen,100,1540.22248,224.69378521668014,836.8760000000001,1747.946,1555.477,1619.243,1656.0919999999999,,,
hard,evolution,cells_visited,behaviour,100,753.9314679384137,124.98770454258772,399.7557080332157,856.0522722751382,770.3415243911084,802.8100318303972,821.3791462136527,,,
hard,evolution,predator_touches,behaviour,100,6.661962520631272,1.48952479033835,4.954112227644374,11.394315564847066,5.817726930639724,6.1627113749672535,6.840664589167332,,,
hard,evolution,drained_ticks,behaviour,100,13.504583419245824,4.910108587678085,9.584347143896302,29.328737856838817,11.043427917293036,11.68206578361637,12.953783697298817,,,
hard,evolution,cave_entries,behaviour,100,1.379219244298313,0.5733090726830902,0.113832823591568,2.7658491510502397,1.1498353440267757,1.406287859808609,1.76996613734081,,,
hard,evolution,cave_entries_night,behaviour,100,0.712320457608291,0.29659890917540677,0.0586309258156167,1.427616044217452,0.5938344409274384,0.7135530481602025,0.9182185730861929,,,
hard,evolution,food_prestige,behaviour,100,1.4439327769183183,0.29254258647714093,0.5015686031678773,1.6468321599603817,1.4697757107840173,1.564834661217958,1.590854264683035,,,
hard,evolution,food_low,behaviour,100,2.763091567303877,0.2088026561877523,1.8560204519786825,2.998559317033322,2.6762515325275413,2.845539486468206,2.897338657900451,,,
hard,evolution,energy_at_death,behaviour,100,0.2762294582804742,1.1027632755919832,-2.137906613035582,2.108422371537519,-0.10796131071053162,0.5779221455068018,1.0487103089934844,,,
hard,evolution,frac_death_drained,behaviour,100,0.5182638490607462,0.13002113472075177,0.3843177708976214,0.9182012420551844,0.44469273126820663,0.4735337708088505,0.5184932623062917,,,
hard,evolution,frac_death_starved,behaviour,100,0.46338891390304576,0.12178238407541511,0.0817987579448156,0.587598921231903,0.4647868622099472,0.5079884218186561,0.5296428752675397,,,
hard,learning,avg_fitness,gen,100,7.187158060000001,0.061370721934354264,6.9796580000000015,7.383282,7.154438,7.193741,7.2274495000000005,0.8058906298264602,0.8066911916720377,0.007463391496230558
hard,learning,top20percent_fitness,gen,100,19.98938574,0.19856269313214736,19.381458,20.501206000000003,19.875039,19.985883,20.142601499999998,0.7848864717505376,0.7847336878056016,0.008660988704234361
hard,learning,best_fitness,gen,100,55.97115999999999,1.3742825448688898,52.6192,59.65879999999999,54.96464999999999,55.896,56.743900000000004,0.4354453112033194,0.4348215767634855,0.011404834397252197
hard,learning,avg_learned_weight_diff,gen,100,0.0066761811999999695,0.00033913263894014186,0.00596496,0.00745934,0.0064252400000000005,0.0067116099999999495,0.00690562,,,
hard,learning,avg_network_weight_mag,gen,100,0.6100298599999999,0.0023707257424380773,0.603844,0.616666,0.608528,0.6099479999999999,0.6114655,,,
hard,learning,genome_variance,gen,100,0.046142761599999964,0.0014946718684868245,0.0431629199999999,0.0513572799999999,0.045071795,0.04617379,0.04704532,,,
hard,learning,total_agents,gen,100,1328.3346,22.9800740836249,1269.16,1368.74,1313.635,1328.65,1346.73,,,
hard,learning,peak_population,gen,100,487.10699999999997,10.851139818172806,464.3,512.5,478.22,488.12,494.565,,,
hard,learning,avg_lifetime,gen,100,1684.0554199999997,31.98587481972994,1616.014,1755.2479999999996,1663.5135,1683.271,1704.2389999999998,,,
hard,learning,cells_visited,behaviour,100,832.7292044579484,16.78920560766202,795.2438801076146,868.208229088611,822.2939184409198,833.937465842964,845.6649720078005,,,
hard,learning,predator_touches,behaviour,100,4.858963077353449,0.24486216059753604,4.321459637733233,5.521065670836077,4.696715070581299,4.876726838357696,5.000793394639482,,,
hard,learning,drained_ticks,behaviour,100,9.967226880902771,0.5554742728442336,8.862477343599778,11.485036468515522,9.619193684137407,9.989221239850611,10.297736374065718,,,
hard,learning,cave_entries,behaviour,100,1.5392177048598006,0.3608313778248303,0.4637782955296897,2.5350146289914597,1.3244498560935751,1.527461111469561,1.7898777312609593,,,
hard,learning,cave_entries_night,behaviour,100,0.7919134032069973,0.1843931107963981,0.2397753611481015,1.3055603164806933,0.6797427817606992,0.779638668922075,0.91822754897837,,,
hard,learning,food_prestige,behaviour,100,1.594208113244992,0.030499980525206655,1.497957392961507,1.6622414368439982,1.5755786491273336,1.5943952175072114,1.6122234898861436,,,
hard,learning,food_low,behaviour,100,2.8322529964950047,0.1115121114678432,2.595633085620246,2.9920393548360833,2.7280733875781635,2.8715075889524964,2.9261067954292974,,,
hard,learning,energy_at_death,behaviour,100,1.3935444854604604,0.3780218436756922,0.4911070287327398,2.546356201431925,1.1600604515129238,1.3944338903831883,1.566149745303619,,,
hard,learning,frac_death_drained,behaviour,100,0.4292190595634262,0.022542818900047067,0.3781610019724474,0.4916957729848649,0.4142860783451142,0.4291386621989689,0.4426454862815595,,,
hard,learning,frac_death_starved,behaviour,100,0.5419460275150678,0.02067491049712642,0.484783315305252,0.5892678315267126,0.5291377713768683,0.5417031634514049,0.5551530815340089,,,
hard,pure_rl,avg_fitness,gen,100,6.1649478,0.4912995507877474,3.580374,6.80939,5.946518,6.317877999999999,6.4713414999999985,0.6815780077588198,0.7001760935922847,0.0597477229186476
hard,pure_rl,top20percent_fitness,gen,100,17.300183399999998,1.3017024014339642,9.946258000000002,19.504724,16.9716065,17.511343,17.9986305,0.6675877449718879,0.6767981907084066,0.05677818736871794
hard,pure_rl,best_fitness,gen,100,47.97795400000001,4.992660344732317,21.149,55.185599999999994,46.4774,48.5102,50.77815000000001,0.36911165145228225,0.37352863070539416,0.04143286593138853
hard,pure_rl,avg_learned_weight_diff,gen,100,0.00555167179999997,0.000818152420607688,0.0013331999999999,0.00712204,0.005197604999999999,0.00565615,0.0060400149999999,,,
hard,pure_rl,avg_network_weight_mag,gen,100,0.6065201600000001,0.003783687621163446,0.583668,0.613854,0.605328,0.606908,0.6082719999999999,,,
hard,pure_rl,genome_variance,gen,100,0.02179812119999997,0.01921604926928641,0.00808514,0.15510996,0.01235554,0.016723540000000002,0.024507119999999924,,,
hard,pure_rl,total_agents,gen,100,738.4551999999999,181.66337291692997,216.52,1068.04,591.8249999999999,782.4,888.4449999999999,,,
hard,pure_rl,peak_population,gen,100,288.04580000000004,57.34478034387147,177.82,411.9,235.715,295.82,332.77,,,
hard,pure_rl,avg_lifetime,gen,100,1591.5335400000001,79.68645808929246,1244.886,1754.1099999999997,1554.6875,1597.7540000000004,1641.707,,,
hard,pure_rl,cells_visited,behaviour,100,724.2516093554793,72.05406074561208,427.5812527615779,843.203315274805,688.1851647636715,734.2652588463951,766.4776649212215,,,
hard,pure_rl,predator_touches,behaviour,100,5.715395142710159,0.744716223203705,4.223376266242914,9.038683792901397,5.290163707501338,5.57044576344251,6.0517862177363515,,,
hard,pure_rl,drained_ticks,behaviour,100,12.35300262399575,1.6574051080560412,9.014576739995055,19.961383986732564,11.292362835183548,12.071659532686521,13.112247973066049,,,
hard,pure_rl,cave_entries,behaviour,100,1.1579621209956859,0.4634710737784175,0.1320106675132021,2.4867799520531144,0.8954614600268618,1.1320502884721526,1.4055628292679572,,,
hard,pure_rl,cave_entries_night,behaviour,100,0.5790179357587689,0.23387081118023562,0.06198409682647,1.2340660289628054,0.44694601527436123,0.5598492055546065,0.7005619935771711,,,
hard,pure_rl,food_prestige,behaviour,100,1.3038457744595617,0.16896508150403342,0.429168945677387,1.5951930466028028,1.2396506141671346,1.3232361284554197,1.4071379436199314,,,
hard,pure_rl,food_low,behaviour,100,2.6079415969031747,0.30798580996458685,1.96701449823276,3.24364278795059,2.398350879590933,2.6057608645722095,2.826099318993224,,,
hard,pure_rl,energy_at_death,behaviour,100,0.014129433412674119,0.7184117991080409,-1.8167329284242857,1.3139000962914913,-0.5135660443559849,0.074724385036125,0.5755319580785949,,,
hard,pure_rl,frac_death_drained,behaviour,100,0.48598178982189855,0.0543047917006542,0.3389307649493691,0.6664157171447341,0.4562802975184604,0.4800150234054425,0.513934471409895,,,
hard,pure_rl,frac_death_starved,behaviour,100,0.49861046132044445,0.05259280928760868,0.3331651204491653,0.6610692350506308,0.4712460608406059,0.4999558211935963,0.5264185198402561,,,
